timestamp,position.x,position.y,position.z,velocity.x,velocity.y,velocity.z,attitude.x,attitude.y,attitude.z,motor_speed.0,motor_speed.1,motor_speed.2,motor_speed.3
0,-6.5,-18.5,-2.0,0.0,0.0,0.0,0.0,0.0,-1.5707963267948966,1133.1510991975279,1133.1510991975279,1133.1510991975279,1133.1510991975279
10000000,-6.500010738352417,-18.500007474794273,-1.9999877700332063,-0.0013776839481984572,-0.00018293539931012507,0.0005288810381210659,-8.13113999083355e-05,-0.0001608670926429342,-1.5688419140606407,1092.3402876151717,1149.907608863909,1121.3557679646046,1169.7588747250497
20000000,-6.500016799478737,-18.500046459590994,-2.0000121337399457,0.00019828762640756423,-0.005316039363171239,-0.004845785930236783,-0.00030202048629351334,-0.0013541013495174715,-1.5615111206722052,994.2885393883198,1188.3588211914162,1096.4966967600037,1258.144263448311
30000000,-6.500002451684316,-18.50011257017639,-2.000080546240811,0.002376888779060666,-0.007889580380490356,-0.010031562029063619,-0.000607365642239963,-0.00400857698278269,-1.5500407171329371,932.5678206804048,1209.1909664506536,1085.4106299908594,1317.0949372822236
40000000,-6.499999612851064,-18.500205689319763,-2.0002066660310214,-0.004002142625184343,-0.009398525542830567,-0.013183198603476174,-0.0010500034198683375,-0.009147316926385957,-1.5322364116220546,911.1785908348727,1216.034254812851,1082.7086923644974,1345.4920500296023
50000000,-6.500020024462086,-18.500293068093185,-2.0003461268214315,-0.0017382162438486432,-0.01107213382325956,-0.015505301760912115,-0.0016077044588600003,-0.015591328292453702,-1.5119231275549512,917.7626077452494,1219.2465466958588,1081.127020586354,1348.058288131229
60000000,-6.5000511771837655,-18.500425046860947,-2.0005109544092488,-0.003978376705525091,-0.0139711036268545,-0.01671897404778232,-0.0024617417744657944,-0.02455959441177876,-1.4848540148670684,935.4479121692877,1220.777903921567,1078.3902972405847,1341.6286162372573
70000000,-6.500114529390879,-18.50060365386178,-2.000718727133423,-0.007019900028571768,-0.01847272663047391,-0.022320170780740747,-0.003465062060639064,-0.03526688618237412,-1.453541750412504,953.3755270394778,1216.406003878597,1079.5150354503644,1334.4594916036706
80000000,-6.500177063024942,-18.500791633312094,-2.0009401732626864,-0.005794430157305312,-0.022048724515650188,-0.026969372820552593,-0.004547986147584583,-0.04623455428141479,-1.4220379661304612,968.889305483575,1210.0368707102173,1081.0048201523468,1328.5074941984228
90000000,-6.5002252454707,-18.501061181574713,-2.0012244445537344,-0.004276863705041521,-0.029011618518081147,-0.028186130298072633,-0.005949722513934741,-0.05967269620162023,-1.3836045969102788,986.1701990819579,1205.0248619991778,1078.4575934627828,1321.6437247415147
99999999,-6.500253134124619,-18.50140551666734,-2.0015437914833223,-0.0013649903204133763,-0.03646157759129715,-0.0331464679025861,-0.007495607154753094,-0.07417621548285092,-1.3419115502684087,999.3681411606683,1200.1376706515734,1079.0622887689458,1314.3121644713938
109999999,-6.500263436192057,-18.501788964206874,-2.001868991723433,0.0006278604057458683,-0.04587614302462477,-0.03768879150605498,-0.009211445334521312,-0.0879966274562687,-1.3018768286648803,1010.137585283243,1194.3511446644761,1081.1202030574866,1308.2065754953703
119999999,-6.500231455431236,-18.50233740129887,-2.002279166904521,0.005585722469232789,-0.05949519852513773,-0.041883573309907586,-0.011435130282246133,-0.10406465417515322,-1.2547834250068857,1021.2330666418561,1190.273460326353,1080.4008364320894,1301.7546660902274
129999999,-6.500170755023164,-18.502953510127295,-2.002684957840464,0.008290578176168496,-0.0718825872948969,-0.0432861619714677,-0.013606870408098116,-0.11903537107792865,-1.2103259394836063,1031.7410774441746,1185.2409169227917,1078.103900020365,1297.658386731792
140000000,-6.500048750429149,-18.503743921943204,-2.0031603275735073,0.014560547391473997,-0.08058765207672032,-0.04694393733470421,-0.01628134157051705,-0.13609438808012933,-1.1588385344684577,1044.841044540517,1177.6194446181137,1074.9718177064458,1294.1911471314006
150000000,-6.499891000934856,-18.50464999320624,-2.003662875081646,0.016541012798202696,-0.09349154118531504,-0.04941062844074644,-0.01920096545705878,-0.15341461471098347,-1.1052812372317733,1055.522833941957,1173.169782939066,1070.5688172877592,1290.9964922915156
160000000,-6.499704626695536,-18.505590804797684,-2.0041497684529075,0.022888130244361198,-0.10732191810614372,-0.05447737387803322,-0.021912570310925743,-0.1691250086053199,-1.0554455341646871,1065.2584313861566,1170.4698207603342,1066.0362105039426,1287.1933154968458
170000000,-6.499419359479167,-18.506797387107678,-2.0047307765305504,0.03139848447025159,-0.12526150225209048,-0.05727676883784754,-0.02498593837276913,-0.18650478817803814,-0.9985241061384108,1076.6120415346727,1167.7851173281185,1062.164524654543,1280.9774972496073
180000000,-6.49908395579963,-18.5080499517104,-2.0052741019217937,0.04166416200263622,-0.1411666761235838,-0.0565292428367432,-0.027842343151404925,-0.20196198261730955,-0.9460268624638611,1084.8610766372326,1166.1316619887457,1061.2119666226915,1274.0348927550467
190000000,-6.498608929984241,-18.509618449244645,-2.0058821206934527,0.04923411463146537,-0.1598198693798501,-0.061468313422684516,-0.03117781112995359,-0.21878027956005627,-0.8863982736345466,1095.2879690652371,1163.8839407230212,1057.0519315753709,1268.4757961477512
200000000,-6.498055384337799,-18.51139545535973,-2.006536207630372,0.058791327477855954,-0.18000093029127265,-0.06306593282317935,-0.034514723923435034,-0.23496604683871486,-0.8255309139547963,1105.6043151819922,1162.0550798182562,1049.009224983257,1266.1139026686485
210000000,-6.497451944470031,-18.5131821456501,-2.00712247745638,0.07076544205032494,-0.19991248484021173,-0.0626836692445,-0.037446817872210866,-0.2488104095969709,-0.7697369795557495,1112.549005171383,1161.224276878287,1044.1280826210887,1263.2170454781353
220000000,-6.496629413165547,-18.515361649412924,-2.0077726398839886,0.08797794930644977,-0.21973394710912766,-0.0638025630800449,-0.04053117474596178,-0.26342407288605746,-0.7070537315622918,1123.6434725392035,1157.3504045412171,1044.8395608333328,1254.8006934265309
230000000,-6.495716227107627,-18.517507474717853,-2.008359735320388,0.10641417592657215,-0.23931963742382772,-0.06083078730252306,-0.04307014748151625,-0.2756327963854818,-0.6505368435273464,1137.6737421725218,1152.403889175946,1050.485639247898,1240.8892890087238
240000000,-6.49449752511501,-18.52010032463924,-2.008997213246781,0.1278092516596063,-0.25845624719570287,-0.06077010946059315,-0.0455479774851824,-0.28817937477991346,-0.5880151194023154,1153.4428774096334,1144.543182779301,1060.337053820579,1224.6851054424003
250000000,-6.493049171673392,-18.52289349686434,-2.0096108111506186,0.15062265154903254,-0.27804308493183255,-0.056028339475618805,-0.04743736289000775,-0.29959361232503307,-0.5262775441572634,1167.1867922743947,1135.7767343369414,1070.3997660776608,1211.3768985966906
260000000,-6.491534791712587,-18.525574614436707,-2.0101355891649506,0.173788438576797,-0.2927511932064446,-0.05499621370598339,-0.04847454353150176,-0.30890834883015006,-0.4716913102199583,1178.3493718611821,1128.733598235087,1079.4486653363397,1199.951707920013
270000000,-6.4895936022592995,-18.52870690070739,-2.010687698797114,0.19945707778353045,-0.30826188988978237,-0.05208378750330545,-0.048915976864626155,-0.31820216690376435,-0.412488384024964,1189.022623776423,1123.570585823851,1090.3879555483525,1185.9449017839456
280000000,-6.487602341976027,-18.531652390756992,-2.011138312880259,0.22573712236945614,-0.31923624280991375,-0.04622261634040134,-0.04858209176202243,-0.32553327042945507,-0.3607393927711976,1197.7472298517298,1119.949120732501,1101.4466214899917,1171.916197214215
290000000,-6.485076870921888,-18.535046595036086,-2.0115887626341338,0.25879007095199114,-0.33226335793988965,-0.04095453158028285,-0.04727593476929429,-0.33276600561825176,-0.30526433776002426,1206.8986239444662,1114.842785063133,1114.6185068059865,1157.3331620160309
300000000,-6.482184720579228,-18.53856824752334,-2.0120068459725884,0.2968831337525186,-0.34447877421056644,-0.03726091429228204,-0.04501577625382634,-0.3389646919454713,-0.252106875911655,1214.2682157722281,1111.0304063411502,1126.5605969560168,1145.0140248108962
310000000,-6.479249656709845,-18.541859000763505,-2.0123513504186246,0.3287215568681693,-0.35795090498938636,-0.03622170226220008,-0.042031020108880435,-0.3436585467277,-0.20648794747860455,1221.242354552131,1110.1895674007949,1135.5690796981005,1132.7867705342783
320000000,-6.4756591249934266,-18.54565324911374,-2.0127450094741413,0.36164608859714314,-0.37004542082826997,-0.03809913670404625,-0.03778090750437139,-0.347978466963509,-0.1584138039862076,1225.7778302133563,1110.3999767964856,1146.1652320766077,1120.5384993184446
330000000,-6.472128723610237,-18.549162401909264,-2.013105572397636,0.3920335653134656,-0.37910361161811273,-0.038201442517244014,-0.03320362481365419,-0.3512513132956945,-0.11756770444617717,1225.3490014625472,1110.34704513846,1158.3376721938578,1111.093827175762
340000000,-6.467874949761186,-18.553127531525593,-2.013477530265456,0.423999554014032,-0.3821630296796464,-0.033370249083675876,-0.027518472747001622,-0.35422291144841556,-0.07487216881463522,1226.2638437245957,1111.3669953426374,1167.870183157508,1101.19552259811
350000000,-6.463260155994748,-18.557125200600947,-2.0137837369055642,0.4628878590085786,-0.3846853699789294,-0.030650222128378025,-0.021017076751168033,-0.3564778746677405,-0.03526467406763881,1230.5233972898948,1110.4281948370274,1175.4073539224578,1091.4220871230516
360000000,-6.458761174613125,-18.56073440048763,-2.0140789238844206,0.49506101825767684,-0.38569902762396363,-0.02963576677137303,-0.014354505103748026,-0.357848841888176,-0.002406652353438313,1234.7196256168436,1108.1367174474333,1182.70460679565,1083.4277068497822
370000000,-6.453430080958757,-18.56476111007757,-2.014375041652142,0.5306251074500637,-0.38561893671751357,-0.027607968041056533,-0.0062258767694647115,-0.35862131959178667,0.03110261712709302,1234.977729403253,1105.9245959745513,1191.5261845887346,1078.3275560912477
380000000,-6.44831284107006,-18.568362240735325,-2.014624495722807,0.5617026766389446,-0.3817811657390016,-0.024535793733568446,0.0018654585010759962,-0.3587772255317835,0.058550562570305414,1232.9157539820417,1103.5883224466509,1200.2040615268638,1075.5186633506364
390000000,-6.4422593356358595,-18.572338061974737,-2.014836381108458,0.599853969551225,-0.3808715844060303,-0.018011825017514096,0.011570984709303208,-0.3585554315551453,0.08611246540217647,1230.4720745963546,1102.2299598761747,1207.6058568937958,1073.6815923033537
400000000,-6.4358054019017334,-18.576297694548913,-2.015029690074578,0.6375094212862388,-0.3774004038179708,-0.016712473523720833,0.021867772301506796,-0.3578936409955527,0.11070321858424152,1226.0366356323655,1106.1771084833547,1213.757382963048,1070.4385593644656
410000000,-6.4296663885824845,-18.57982449885142,-2.015165501532099,0.6712940905432742,-0.37275753753154417,-0.011912667511247296,0.03149713064120242,-0.3568475863204471,0.13031169958268865,1221.102992384802,1111.1260898288365,1219.1543819402075,1067.5421874244073
420000000,-6.422470045830112,-18.583650418149936,-2.015286437901562,0.7090657854710982,-0.3618019671486976,-0.009622501218600315,0.04250607715689975,-0.35528995977694755,0.14927781773869198,1218.3083505988234,1114.184300074498,1224.9019509440693,1063.9159022515585
430000000,-6.41566181675658,-18.58699135446924,-2.0153858386100314,0.7438621801120179,-0.3510038134471323,-0.01194033472089318,0.05258848443709803,-0.35364366713956646,0.16388407229948795,1215.6273498944984,1114.8678213771755,1230.4699688617093,1062.322871190182
440000000,-6.407699051659868,-18.590594941759406,-2.015519079626528,0.7830440763876161,-0.33933127433544374,-0.011821030942634717,0.06391107218099416,-0.35151937840168224,0.17735527394567588,1210.306292696456,1114.4644277075563,1237.1483066655328,1062.8310032951906
450000000,-6.399358233983183,-18.59405490572781,-2.01560917396161,0.8160960692097694,-0.32617595582091174,-0.008458312631681071,0.0753131744676694,-0.34915451723337615,0.1881871441339788,1205.6892768101213,1115.7133440369785,1239.712192220508,1064.3544257277524
460000000,-6.391595638431928,-18.597035394088447,-2.0156713247542823,0.8425430787237692,-0.31230416039596304,-0.004070535416074233,0.08558680744478321,-0.34688401631803245,0.19581325654734322,1198.9065069426103,1118.3260851513683,1239.6921423388214,1069.4992449330464
470000000,-6.382663239171458,-18.600208811949916,-2.015726180207258,0.8723846966512635,-0.2964084846267305,-0.006022526493441517,0.0968101340001805,-0.344355270231011,0.20218933321501137,1188.5134768560972,1121.9880902238885,1241.711936379158,1075.6864554062854
480000000,-6.3743494070176485,-18.60290260923831,-2.015770222838681,0.9024024469309997,-0.279409593046623,-0.001850665174785656,0.1066285372199574,-0.34207781051753017,0.20604204354091682,1182.6318633111896,1125.7798568191845,1244.5193693067913,1075.6760466300304
490000000,-6.364785646582165,-18.605712854924224,-2.015772098120301,0.934536599691637,-0.2587583425718195,0.002539722301421036,0.11719276891886692,-0.33948294089316516,0.20833027447537725,1180.0952570293844,1132.5482901861444,1244.394765181767,1071.7861389001828
500000000,-6.354907735380547,-18.608316837844235,-2.0157420041304523,0.9643121852360463,-0.24071233468458142,0.002862499631100283,0.1273320705969402,-0.3368245828443101,0.2087192222731993,1176.9490097621697,1138.8517104217783,1242.4638585868254,1071.3965206480004
510000000,-6.345743640615191,-18.61048774208147,-2.0156788632628957,0.9899504833592718,-0.22349702070291386,0.008567063766791484,0.1360680434095155,-0.33435130289117654,0.20751995727053893,1171.799189251114,1141.2834173292601,1241.4824751830347,1076.144923226791
520000000,-6.335280220252678,-18.612687700083384,-2.015563753717371,1.02137927114423,-0.1998232876950328,0.012220428026012198,0.14524798779273632,-0.3315046019915124,0.20454118207992036,1166.4963612964618,1141.5805155625999,1241.3335307705718,1082.4193427155074
530000000,-6.325570850933774,-18.614466341620677,-2.015441453026419,1.0487054309929924,-0.1793769002521912,0.012913100570986838,0.1530184974957486,-0.328944093083442,0.2004339451524132,1161.8358198138221,1141.570235456485,1242.8299545883524,1086.6716504999308
540000000,-6.314504643172092,-18.616209207305808,-2.0153087025265903,1.076301939061121,-0.15816993830408746,0.013562182959281514,0.16107334259947173,-0.32616758124551737,0.19454687887977093,1154.826125052305,1145.079965729545,1243.6045579133627,1090.3591446376338
550000000,-6.304290476780728,-18.617599964254577,-2.0151713736378656,1.101126231131093,-0.1379680685905853,0.015480650107542418,0.16774462388043102,-0.32378784251329495,0.18818327106116287,1149.5703585370447,1149.8622474192728,1240.936513700464,1094.0981863114725
560000000,-6.292669719074125,-18.618897156232023,-2.0149734795679985,1.1306927957201762,-0.11183317953515062,0.0211928025088021,0.17441920654508414,-0.32127929228264485,0.18002111677577534,1145.4803218623938,1155.015450601274,1235.8954187136942,1098.5265054681388
570000000,-6.28074249598503,-18.61993726724422,-2.0147488056527076,1.1583271307462535,-0.08881197570883928,0.022858867126796363,0.18013327294028583,-0.3189082107108048,0.1709195637760343,1141.160446212384,1160.3018340001581,1232.750293068008,1101.2163094754555
580000000,-6.269759501822135,-18.620675804265414,-2.0145070126011375,1.18473950456489,-0.06844133171852439,0.029904989280903876,0.1844441575176756,-0.3168763212398396,0.16198919106038182,1137.1219426115917,1164.8295226127684,1230.722090817878,1103.4303763755631
590000000,-6.2572700555453675,-18.621249989733748,-2.014181547796585,1.2141870654960714,-0.04163055538806211,0.031085682543419608,0.18814428151654572,-0.31468648511663455,0.15163494502640656,1132.8268934842176,1170.682261829015,1224.7410400213482,1109.2717814442772
600000000,-6.245793299571618,-18.62153451054954,-2.013878813995223,1.2354056641421751,-0.01940009747335554,0.03319133662012732,0.19055587235717006,-0.31283839524237156,0.14193052418300853,1131.4561109606025,1175.4598810704285,1218.6513762226766,1113.5492922895542
610000000,-6.23278658327343,-18.62160534809465,-2.0135068993143386,1.2625883188114602,0.00398016231320706,0.03623596425852723,0.1923089090295334,-0.3108627440646027,0.1307002800194219,1132.0551881677884,1179.1380675036457,1213.5292929969735,1115.6602841230572
620000000,-6.219493946630015,-18.62143845136688,-2.013104747288952,1.2898308697610978,0.027083433610455846,0.04190430098810202,0.19301868390061633,-0.3090671869337044,0.11914665290662861,1131.2717971760958,1182.8722784273127,1208.4714914628487,1118.8299052253221
630000000,-6.207269288319688,-18.621085027845744,-2.0127147456894723,1.3165003974706913,0.04792693097803856,0.043604208440245346,0.19273120412964412,-0.3075673495794245,0.10866073043999355,1131.0483962228645,1184.7773298829725,1203.1042928679497,1123.8933619938866
640000000,-6.193424042586972,-18.620468220618555,-2.0122653581777743,1.343823476447782,0.0686655798786507,0.04336564010166289,0.19148575475778756,-0.30592397751824696,0.09700877666394642,1132.6226949923755,1187.005857411502,1196.3715495573979,1128.7332152567762
650000000,-6.180696088090659,-18.619728705776094,-2.011845614771082,1.370710120845675,0.08872652523181754,0.04551062147291836,0.18956764227600953,-0.3044171042898524,0.0865963156830905,1131.4420985627075,1189.1498576372055,1194.1951286106735,1131.096407497821
660000000,-6.166281857260277,-18.618672172622386,-2.0113575026311747,1.3974382156261067,0.11291224085588437,0.04781931846484554,0.1865466335490169,-0.30278750620582173,0.0751086607275311,1129.352302049037,1189.1665194927114,1194.104825975649,1134.1129217254277
670000000,-6.151552036889497,-18.617394413068034,-2.0108460569109003,1.4293161853394896,0.13397830385510764,0.05079713856947719,0.18273314350511782,-0.30119491803302617,0.06378923908739757,1127.2690751225568,1188.040205690569,1192.6689421259991,1139.773993818904
680000000,-6.138018984525176,-18.616072529952667,-2.0103580930418437,1.4554915397383945,0.14942498855761774,0.05428207778096134,0.17848992765915592,-0.29991377996196467,0.05387260555423357,1125.2857245538687,1188.0109892335388,1190.4571731694107,1145.1201469766127
690000000,-6.122708815871489,-18.614395664938087,-2.009788512302466,1.4839670139418173,0.16955377289449566,0.055063389076735254,0.17293974924315414,-0.2986287557134738,0.04324325972776362,1126.0187208569712,1190.3371362974258,1184.7394420394228,1149.4923513084304
700000000,-6.10867624742262,-18.612712291396775,-2.0092817065789212,1.5097309917915747,0.18726036549461644,0.05206925873397755,0.16728007639595954,-0.2976686573662042,0.03410036247205948,1128.673226890227,1193.1129163713197,1178.550896762089,1151.9391207064696
710000000,-6.092787944684342,-18.61067628180241,-2.008733213627777,1.5395966606797897,0.203506796027777,0.05390249603205207,0.16037839580594201,-0.2967329667094324,0.024414149466212495,1131.689359333003,1190.8536112510142,1175.253491433463,1155.8276355259877
720000000,-6.076600536563056,-18.60845905580454,-2.0081646959970603,1.5687645473038647,0.22368080158326967,0.05464883526558212,0.152902088907743,-0.29587607721151765,0.015285986139745777,1131.6040159857635,1189.1738924588205,1173.97239214058,1159.5808939075177
730000000,-6.061754326834143,-18.60628347427966,-2.007652630085725,1.5969947833314415,0.24044837386938195,0.0533397697110581,0.1455864359108425,-0.2952733523512934,0.007577498401875806,1130.823117724824,1191.0820898378709,1172.1209028058101,1161.0268073831066
740000000,-6.0449858323025465,-18.60367307487395,-2.007072955849856,1.6231202550189237,0.2588085958153288,0.05754635440112678,0.13683822968821566,-0.29488285367864986,-0.00034170277261136946,1131.787675931206,1191.7349673651067,1168.8367122967265,1163.5587805199466
750000000,-6.029654642458707,-18.601169624534045,-2.0065361539221755,1.647657440322218,0.27396341811802244,0.05812429154820022,0.12851482691860433,-0.2946783857211784,-0.006829714633155583,1133.8783110435966,1191.649160774177,1163.4255725121839,1167.933764491533
760000000,-6.012347201464611,-18.598248010677946,-2.0059163840428673,1.6759555845658427,0.2858389703350422,0.060054202287401444,0.11883677068399288,-0.29455235336723606,-0.013299055305170317,1135.5563812356722,1192.6949017116513,1158.5056201185762,1171.735889813728
770000000,-5.994766622901444,-18.595190297457265,-2.0052915211762787,1.7014120360816978,0.30144662986665965,0.06162016502931858,0.10877600973711017,-0.2945309687244959,-0.01913616012406158,1137.8581099576493,1192.240622695857,1158.3035304844184,1171.9554884540858
780000000,-5.978702070783074,-18.592330465886796,-2.0047300221568403,1.7266538187412304,0.3091130576203561,0.057692320711381126,0.09941804508396868,-0.294575391024246,-0.023929661614333155,1141.763369309695,1189.8782948561177,1158.5176137127462,1172.095739438081
790000000,-5.960547312519365,-18.58905433288836,-2.004116788344957,1.7579036751243504,0.31849887464579674,0.0582092941985624,0.08872353228852135,-0.29484170953363603,-0.02862274577868808,1145.72004127449,1189.1719714232127,1155.086752256414,1173.8909559443875
800000000,-5.943961060053864,-18.586052050439,-2.0035781474660164,1.7812386497852337,0.32127182213076344,0.05756529041362496,0.0788946100511625,-0.2951013830163196,-0.03219766455387015,1148.7084585970217,1190.0744596796847,1151.1932044806788,1174.757169887458
810000000,-5.9252682409001265,-18.582672075420355,-2.0029795818774643,1.8093780700815663,0.325984562123704,0.05579974260840966,0.06774048743525302,-0.29538480796185285,-0.035423392970724776,1149.1046651623424,1187.3222772644604,1149.0437618627666,1180.172765736881
820000000,-5.906286052138851,-18.579237074211637,-2.002411229539446,1.8355731408795977,0.33177903760767047,0.052936244025854735,0.05656697244091602,-0.2956635896339232,-0.03808328535830233,1150.684346738297,1181.3957548541919,1149.933153320057,1184.4797187858883
830000000,-5.88896910951048,-18.57611043278628,-2.0019260616666616,1.8593496823527547,0.336962246232689,0.04913539438457896,0.04655642215458158,-0.2959615815901729,-0.040142563460073055,1154.5057852275559,1177.6060741008566,1151.385631131991,1183.5264978715486
840000000,-5.869446118150056,-18.572557891295354,-2.001413403782113,1.8891238532234267,0.34330419218104435,0.0473197693711723,0.03542088691982738,-0.2963392736095089,-0.041916706932444814,1158.130600286976,1176.8263101508728,1148.5158382940645,1183.489771927173
850000000,-5.851613062059311,-18.56934014238407,-2.000971635113423,1.915737515874543,0.3446906568833083,0.046718679668176895,0.025495237633719,-0.2966719135849607,-0.042990051549223626,1159.3793942966738,1176.4675773847798,1145.0129160976946,1185.7010341822295
860000000,-5.8315182922220385,-18.56573763288214,-2.0004761989453335,1.941718768890736,0.3461828110638035,0.047747252814932896,0.014701709266829581,-0.29711875653913694,-0.04369055093388092,1162.6836556119997,1175.2805496985748,1141.8371849024188,1186.5284196599684
870000000,-5.811137266696385,-18.56213026440709,-1.9999974655669133,1.9723138913880567,0.3458838700620375,0.046572722049820665,0.004072178553331387,-0.2975400995126161,-0.04391649900282846,1164.8565487552885,1174.1582529089421,1141.0868098895805,1186.5268061955867
880000000,-5.792551184990302,-18.55891859044848,-1.9995797102618742,1.9944208656933862,0.3406027708442853,0.04355391119817046,-0.005357544271756185,-0.29782930703924215,-0.04355755603625221,1164.3234271760693,1171.1209030331581,1142.7278655992063,1189.0419229025008
890000000,-5.771619520726817,-18.555382991442286,-1.9991329503649127,2.0234463701520014,0.3381284342361806,0.044873755285856874,-0.015540356847051592,-0.29817440174640664,-0.0426023020211208,1165.1865912224578,1167.580924159711,1142.176423845436,1192.5575858450293
900000000,-5.752527838903844,-18.552215285553466,-1.998728093764905,2.0460023421467706,0.336315512613803,0.04095477239956822,-0.024435362051370042,-0.2984669499488214,-0.04129627486458201,1167.0169724436412,1165.2831515213854,1140.9141817131078,1193.8586727651962
910000000,-5.731098812031399,-18.54874142173378,-1.99832212943953,2.0697748788223245,0.3315035187998718,0.039312161609308005,-0.03385112558251849,-0.29881396477082617,-0.03949374613097901,1169.3465284720635,1165.4307640644827,1140.2373381328289,1190.2578996142436
920000000,-5.709391569391534,-18.545341639336286,-1.9979202632470103,2.0958943574967854,0.3209361791389201,0.03660720396533614,-0.04287401320059744,-0.2990811590416675,-0.03734937817086096,1171.6254885080612,1166.7265360581223,1138.7537441263669,1184.9553802441508
930000000,-5.68961862790957,-18.542365235124247,-1.9975801134976783,2.1222582315615046,0.31204326306924446,0.037556655337931906,-0.05060692941746702,-0.29919998389070795,-0.03514233624077278,1173.8540803388971,1165.4157021136432,1136.3622535484783,1182.709737219952
940000000,-5.667379697425074,-18.539161954698233,-1.997174622423079,2.14679285520485,0.30340791068448464,0.03708731884323983,-0.05876407411538855,-0.2991635230273286,-0.032378242583897494,1178.813989453798,1161.5778108529644,1132.3957186259088,1180.847830431602
950000000,-5.647134840881587,-18.53634166201982,-1.9968340711231474,2.1716997423123803,0.29765777183907516,0.03529464039489329,-0.06569851171884408,-0.2989825040356119,-0.029731291304019785,1182.596955201636,1158.9995564340543,1128.9662381342882,1178.9945173399437
960000000,-5.624359025512016,-18.53327914288023,-1.9964748846509954,2.200631763982516,0.2881337193870511,0.03453147998164088,-0.0729548831130958,-0.29853638134017985,-0.02662363769835437,1183.0768660159877,1158.5104822318672,1126.5967147763674,1176.919501594384
970000000,-5.601312356221749,-18.530334572448083,-1.9960950405954232,2.225950338032778,0.2770304297984339,0.03670960761817201,-0.07970043017091401,-0.29778583811496406,-0.023233333087189487,1181.9923882184182,1158.6467665027817,1125.0972344638499,1174.819297962298
980000000,-5.580334777998801,-18.527777122184762,-1.9957448056341336,2.250045702398079,0.26787362445973084,0.03730696166025176,-0.08525626210083061,-0.29676165826382006,-0.020061823238481283,1184.7858509136092,1157.2633898810163,1122.614481463397,1171.9108634925929
990000000,-5.556770735413253,-18.525062800400228,-1.9953632317364776,2.2729393512667553,0.2546162138600262,0.03636798425032411,-0.0908461843510563,-0.295085831492893,-0.01645849977322113,1189.4647468712735,1157.0627070304329,1118.6677144464486,1167.4484850532358
1000000000,-5.5353578062921605,-18.52273249453715,-1.9950423602832754,2.2966128259943415,0.24389997604591088,0.03204385096670356,-0.09526672977548879,-0.2931491014736813,-0.013203967359178696,1190.6998621513562,1155.582868662878,1117.9207817219437,1165.2953281944106
1010000000,-5.511315861320236,-18.520243813216357,-1.9947201695291812,2.3193586083590123,0.23333323198097844,0.028564485930652923,-0.09946097341029736,-0.2904946080576163,-0.009719152069241082,1190.501068439979,1151.9155580208685,1119.4884979893095,1163.7026977129183
1020000000,-5.487039224724037,-18.517881837303996,-1.9944295752212402,2.3417157949527656,0.22007263929932971,0.029640702754326818,-0.10297647134181641,-0.28748010419225745,-0.006274687177565707,1189.0689802411252,1148.2131769068778,1119.776925301764,1163.9417222328364
1030000000,-5.46497931261605,-18.515860223599336,-1.9941640646145604,2.3637307590976686,0.2115824346053871,0.027268618166491083,-0.10548727925918386,-0.2844967031870096,-0.0031691897911694123,1187.9453545275433,1146.3830394455144,1118.1173924674958,1164.4733449823295
1040000000,-5.44025700423111,-18.51372371013818,-1.9938754174139675,2.3860656917849115,0.20100466309861795,0.02747724682381926,-0.1075136149612337,-0.28086192753135475,-6.421827869899355e-06,1188.4899266814969,1145.0354756361448,1119.52359235846,1159.8529094986511
1050000000,-5.417792423632993,-18.511890821731917,-1.993606596340977,2.407291892326349,0.1907956394491068,0.028713448810630517,-0.10876390096872367,-0.27729766232309144,0.0026514895722906133,1187.8604594021078,1143.4102980162613,1121.8359771473895,1156.4876657151865
1060000000,-5.392597090456942,-18.509951084051526,-1.993294988029016,2.4299736840562,0.18082530055084153,0.030144721281674718,-0.10956022392001709,-0.27303299887945626,0.0054862551724548314,1186.4085573040427,1142.8224722031002,1121.3347925520834,1155.8196444103144
1070000000,-5.367201288329823,-18.50813765437501,-1.9929772550218794,2.4484344636200213,0.16825832781874392,0.03061507198741027,-0.10970586859755199,-0.268333977946466,0.008289445373662774,1183.200840610845,1145.6715681105936,1119.7246881521764,1155.2476824171472
1080000000,-5.344157214849975,-18.50660301306221,-1.9927106442383646,2.467284009576617,0.15866890985210103,0.027065863913388402,-0.10932457981814335,-0.2637738272289373,0.010628898052853695,1181.5809935224463,1148.1003719976545,1120.404710115412,1151.870298334948
1090000000,-5.318345017777365,-18.504987384306784,-1.9924287576357644,2.488287020327768,0.15010924126937417,0.028973642710360972,-0.10839175642105309,-0.25833288921172687,0.013017552562491912,1183.7645735577635,1147.2471445404462,1120.1891561574896,1148.3189658540584
1100000000,-5.294933269768502,-18.503635261895322,-1.9921419130603355,2.507937675531862,0.14052397168433337,0.030502115845047008,-0.10705351322576717,-0.2529913385230315,0.015072386697820067,1184.6806900928864,1147.790256052043,1117.8778688436007,1146.8331342482566
1110000000,-5.2686984499978715,-18.502218733903685,-1.991822752669336,2.5281913739927724,0.1297729916845236,0.03059772189350727,-0.10504910310346872,-0.2465515408393919,0.017154689631007157,1182.4976722477218,1146.9871590131756,1121.1887223980793,1144.6584322086303
1120000000,-5.242273833952612,-18.500945929364068,-1.9914992692737636,2.545351140190473,0.11673915676371205,0.03148630810132872,-0.10254555566053666,-0.23966811864209,0.01897655403328573,1178.9191385394229,1143.862306879358,1127.7502531290854,1143.4362906897525
1130000000,-5.218322560900872,-18.499880969757633,-1.9911965572883705,2.563742515071226,0.1096177012709501,0.03352414471190206,-0.09992001025119986,-0.2331838488075714,0.02032700399869598,1177.6225879865553,1141.7284736502147,1131.68464728463,1141.7534195835572
1140000000,-5.191524485467829,-18.49878275104753,-1.9908615588678988,2.582891275013299,0.09918126419822426,0.0320238373719929,-0.09664499079840154,-0.22579644349284,0.021580673242604105,1175.0471296009252,1141.1464737487895,1134.4876726596617,1141.1143085699907
1150000000,-5.167243710399336,-18.497892479149865,-1.9905649490083654,2.597899271364453,0.09175775515572135,0.0322743811476928,-0.09327208803926465,-0.21892118938519403,0.022523736082193782,1172.0502159167345,1142.0067338989288,1135.509145140627,1141.4160492407082
1160000000,-5.140107783575029,-18.496965493693605,-1.99022286675376,2.611912911107942,0.08628895675100591,0.034256399446419374,-0.08916416253418447,-0.21098206138808184,0.02330688523243181,1171.2732511987226,1143.8679031235654,1134.376975267564,1140.254359274319
1170000000,-5.11281379237094,-18.496108463678542,-1.9898663771084848,2.6282848313233154,0.076925921297358,0.033705445141412764,-0.0848526232785513,-0.20274633159494193,0.02395271217459293,1168.7110394527963,1144.1102481527917,1134.8698989565482,1141.2155806441801
1180000000,-5.088121307558222,-18.495420079606795,-1.989557992963473,2.6395006443524567,0.07232719785622843,0.031270549953265114,-0.08075073422329945,-0.19530186837800706,0.02449025235055177,1162.7043747751486,1144.8958237249544,1137.930441101083,1142.918873931111
1190000000,-5.060575285954417,-18.49469686779494,-1.9892420487777562,2.6516162934472978,0.06728624794364745,0.028652617771854554,-0.07619575267267378,-0.18694336954354937,0.02508512511252107,1155.5655528961192,1148.4622539357977,1142.1301370409515,1141.4668867208884
1200000000,-5.035658676603226,-18.494097496177787,-1.9889850996488572,2.664207233676291,0.06019540895542065,0.028086586805348913,-0.07213456329988716,-0.17934691204929926,0.02558797262872305,1151.1021551294318,1149.2570842063235,1145.4555936030417,1140.6310111832129
1210000000,-5.007852312051211,-18.493496732093448,-1.9887101624974082,2.6739873715408806,0.05333654617622394,0.024609347668463604,-0.06772835676308372,-0.17088923571009138,0.026038408146690374,1149.2602411330722,1146.0100682117284,1148.7923885809255,1140.8230667376656
1220000000,-4.979951442847748,-18.492958881559353,-1.9884816452518597,2.6828747034710396,0.04962610973111048,0.01982169555953665,-0.06328962661511414,-0.16249413268448892,0.02628912227381981,1150.8051937004852,1140.8433648967195,1150.708190858663,1140.8556902650682
1230000000,-4.95475748334568,-18.492535456691925,-1.988271390500928,2.6919314427860592,0.04212571388120671,0.024779822625056628,-0.059278243261242085,-0.1549879146674223,0.026424670977439644,1149.7800179484907,1139.3358855512813,1151.4384580870596,1140.767730149701
1240000000,-4.9266848583417,-18.49213637600554,-1.988026859657479,2.6972450645405317,0.03615657130653193,0.02333922733112388,-0.055001194006337004,-0.146708574226342,0.02649971333191759,1147.7542946050262,1138.8948632795334,1151.8324588257608,1141.1211226731998
1250000000,-4.901382462230895,-18.491813834123157,-1.987804272677549,2.7008051636468835,0.031079444830699448,0.024550912818258917,-0.051204676062130014,-0.1393862361530939,0.026354584912402095,1148.4596475547241,1134.978694256486,1153.5876417588868,1141.883272017572
1260000000,-4.873244232045545,-18.49152524413104,-1.9875606914466433,2.7044473300977767,0.025317918204407354,0.023888796984058696,-0.04701808717069645,-0.13147068126429912,0.02603829828881867,1147.5539115397405,1129.7145553025125,1155.8005029474455,1145.4045349203545
1270000000,-4.845042568349116,-18.491300985419965,-1.9873272900849002,2.711327463486424,0.017896656211624867,0.023110647848634525,-0.04279231280025504,-0.12383265024486759,0.0256689193075976,1144.6438921366555,1130.3502044345032,1154.5432493011072,1148.8420692196155
1280000000,-4.819584110200353,-18.491149699467062,-1.9871091274726242,2.7181495996671945,0.014413016297779148,0.022427737697773415,-0.03898548259046158,-0.1171620743265879,0.025325943366257934,1141.1848260535985,1136.0053759507025,1152.609644638621,1148.470224464466
1290000000,-4.791256041529856,-18.491021405885977,-1.9868548164705084,2.720525263596574,0.009344204334140536,0.02570976860716051,-0.03480368237974968,-0.10995235048404513,0.025016956111882354,1137.2185854742984,1140.8991909070712,1151.9386340594665,1147.8865192617714
1300000000,-4.7657443648470545,-18.490936730391,-1.986602643094237,2.721700464507012,0.008951444930148114,0.026392692195494557,-0.031071761769598836,-0.10361034086940775,0.02469413861846538,1135.9667100426561,1139.6156131071475,1154.7734659158766,1147.535825883731
1310000000,-4.737366098264377,-18.49088031536817,-1.9863341777815626,2.7272413613786974,0.002320447146359671,0.02517370894730959,-0.027009122380871057,-0.096954112699915,0.02423845051500894,1136.8410116242276,1134.4134556753113,1159.2827431422468,1147.913420219907
1320000000,-4.70894230960514,-18.490866762972686,-1.986089381328102,2.728835512393214,-3.0067047963272916e-05,0.021592330488627718,-0.023118510131755365,-0.09059866215628311,0.0236136031520671,1135.736537114527,1131.907703208474,1164.9927140456214,1146.2592175010338
1330000000,-4.683345899484167,-18.49088918540642,-1.9858862072853685,2.7298770837675637,-0.0020603845327993634,0.020899505230479384,-0.01980260228199014,-0.08533164287078313,0.0228985620962974,1131.3798594809878,1131.610798216831,1170.5685849571382,1145.0807237616857
1340000000,-4.654918961959096,-18.49091166755474,-1.9856885920372742,2.73010820155068,-0.00045180621170828075,0.015164315862319486,-0.01641948515162108,-0.0799616888537548,0.022103876704161963,1126.7610897812224,1131.8761043295697,1171.5541968918244,1147.7560113688612
1350000000,-4.6293308806221045,-18.490928919983627,-1.9855682390351217,2.728366131505078,-0.003276003605453558,0.010780889833260246,-0.013587295211332702,-0.07548545001992253,0.021360831488624582,1124.387780174834,1132.939121826089,1169.6059711082016,1150.1056903734898
1360000000,-4.600901988756869,-18.49097183904884,-1.9854706799469575,2.7291454137913695,-0.0027715121418123833,0.010280257629168765,-0.010673550263167079,-0.07095500569611948,0.02050384376555931,1124.4923920533383,1131.2234067254706,1168.048051337448,1151.4422601512804
1370000000,-4.5724770341234375,-18.49100196989108,-1.9853655760397444,2.728601490331088,-0.0027183482830294326,0.009331834313887866,-0.007861182516037384,-0.06695785270856972,0.019558560727029925,1125.702280056681,1129.7611141479997,1165.5949922099774,1152.2714469022576
1380000000,-4.546863731904695,-18.49102667222647,-1.9852977934279765,2.7352199321531456,-0.002616543037264972,0.00461342777141734,-0.0053916635478818845,-0.06379721834942771,0.01875966227392055,1124.1574074449275,1131.1348509963213,1163.4079764094029,1153.4069518929
1390000000,-4.518398665212642,-18.49104365313489,-1.9852650694600755,2.7320153569837093,-0.0025883136016724506,0.0018788484337181873,-0.0027684013131421365,-0.06073821198298361,0.017931494507804804,1122.5553049124376,1133.1109359870245,1161.5771426485405,1153.4386427322681
1400000000,-4.4899744447304455,-18.49107918004902,-1.985236766775131,2.7261051912692134,-0.0033904956915411072,0.0036946071327124312,-0.0004616654519465935,-0.058128240095211024,0.017197821803435615,1123.010401413539,1134.1394932244518,1159.8172185899045,1151.8871455687274
1410000000,-4.464438087615425,-18.491127266796173,-1.9852123553301524,2.721485016516766,-0.006210313560859178,0.0011744371418629298,0.001372791802697748,-0.05614637612579834,0.016490077323967657,1124.6410761088218,1133.1097671953746,1160.597303616488,1149.223438414524
1420000000,-4.436110567409924,-18.491170908834672,-1.9852085136382274,2.7165538034798526,-0.002785179599496841,-0.000983935536433938,0.0032572659945014465,-0.054340822763788536,0.0155177253415325,1125.9750183619,1129.0321518755318,1162.8057405534491,1148.8896814527643
1430000000,-4.410659147662214,-18.491183285678876,-1.9852199045441241,2.7135856990159333,-0.001582631309978977,-0.0004601242644182907,0.004887137891359437,-0.053016857641524515,0.014585640251482655,1124.9059773070164,1128.9952405179386,1161.3966492091251,1150.6081431426912
1440000000,-4.382404488349087,-18.49120767564441,-1.9852149915779067,2.711937397841868,-0.0016717978503947603,-0.00018880040954502827,0.006576466895476168,-0.051981950007445286,0.013643010087377316,1121.7144009359483,1132.4278695195346,1159.2425853142238,1151.739503893596
1450000000,-4.354168951303288,-18.491205895543377,-1.985223184133868,2.7085600382349444,0.0011586566165523683,0.0003449747782767016,0.008049048246136005,-0.05149763080740864,0.012577817942156644,1120.6638563209299,1133.0697254690053,1161.0946699206993,1149.9121407182113
1460000000,-4.328753999716765,-18.49121122953829,-1.9852261412763998,2.710213865790041,-0.0013261812196974838,-0.0014451838484675589,0.00916145889084695,-0.05143142665825841,0.01154205117778986,1122.0074344350057,1133.557505621904,1162.0915611649264,1147.0850127661683
1470000000,-4.3005160734633,-18.491211380882646,-1.9852395075798661,2.710374107356094,0.002489973151757495,-0.003150895627231452,0.01019822004409908,-0.05171929198960185,0.010421671668666393,1123.7135505227905,1135.5134302774334,1159.5163031866753,1146.0068921797674
1480000000,-4.2751012588454955,-18.49119109270983,-1.9852867205181457,2.7107594827659436,0.0005715942382534463,-0.006210404710064188,0.010936879307724608,-0.05221767071305756,0.009437038397332082,1124.1306657441623,1138.1192092562333,1157.2677887685236,1144.864509443338
1490000000,-4.246868191164668,-18.491179827058605,-1.9853518083433956,2.7079329035948527,0.001677701910865119,-0.005603574438648376,0.01160721452211581,-0.05312830368805169,0.008293937389655262,1124.753180356455,1138.0944506864184,1156.1537673543055,1144.4551726890945
1500000000,-4.218652003828885,-18.49117542179777,-1.9854017487488984,2.7086987071174287,0.000660523451702334,-0.004847019666094384,0.012123672359728915,-0.05424620186677792,0.007185495994000736,1124.6899141212075,1137.7756482144734,1154.7094096932578,1145.2548290182995
1510000000,-4.193253307288703,-18.49116100679411,-1.985444650657213,2.7067672219319436,0.00272130064668004,-0.005919809742813995,0.01248686934175663,-0.05549198178444209,0.006268305227652006,1122.592648723631,1138.682143991977,1154.7505007315317,1145.8686006493097
1520000000,-4.165065379991891,-18.491120528460964,-1.985509164230559,2.70495493184933,0.002891929404188371,-0.0067517037972243356,0.012670941992237462,-0.057254050218341825,0.005210643547183247,1122.2314862626613,1139.525084870308,1154.7438929327725,1145.081443403512
1530000000,-4.13969956431931,-18.491095364390333,-1.985587019938849,2.7075462739794243,0.002009953887375731,-0.009792516885776684,0.01263843858877285,-0.059116898894905984,0.004239922177394867,1124.0419976949197,1140.7357990171533,1152.9967082212659,1143.5098118926026
1540000000,-4.11150231002334,-18.49108196725998,-1.9856971188488508,2.706532703762744,-3.322766650249609e-05,-0.010185040675234782,0.012483332487240201,-0.06146619811793768,0.0032711686627719537,1125.6245591654063,1143.5343000585035,1149.9882692578938,1141.4186683744506
1550000000,-4.083307687067171,-18.491078662070557,-1.9858005925526934,2.707040098688858,0.0018879343685633194,-0.009222944617693546,0.012142661492845333,-0.06388709649857377,0.002390133949949835,1128.0988749585167,1146.5244509009567,1145.922988099889,1138.9760329689934
1560000000,-4.057941835669375,-18.491054223335656,-1.9858825957665664,2.7036158071928544,0.0033278875001846757,-0.008991325159753216,0.01175800124657526,-0.06607105912048881,0.0016600764831099229,1131.4750453740367,1146.3917963860142,1142.541466336424,1138.4499008495848
1570000000,-4.02978936570055,-18.491017909012914,-1.9859907418376872,2.7012561484488575,0.0040826706411810545,-0.013480883227544548,0.011255234430147254,-0.06855681302235547,0.0008934777380347672,1131.970090509496,1141.472763493913,1143.6362853356,1141.4392568411783
1580000000,-4.004471276485594,-18.4909535014976,-1.9861151236498993,2.7015822887367893,0.009990813878564197,-0.012468982899441436,0.010752016876673732,-0.0709294282744953,0.00020289434601953674,1131.5751212269815,1138.0969002969787,1145.8998563059408,1142.4394844742567
1590000000,-3.976325324205151,-18.490858427785412,-1.986266094194489,2.701678153401503,0.007341712353102295,-0.013825544682544204,0.010073483062504126,-0.07358733904272612,-0.0003744125383229299,1132.728021815114,1142.0418898759015,1142.4657499717105,1139.8377059128272
1600000000,-3.9481719914586084,-18.490791863808735,-1.9864131685196005,2.706179649315528,0.006032710024176742,-0.013573609555611483,0.009259151745329066,-0.07629251055175626,-0.0007304035842192246,1133.6968658840988,1146.6401838353502,1137.4159935996752,1138.513182630659
1610000000,-3.922809644817868,-18.490733695992603,-1.9865361096868766,2.704913519935139,0.006134105522050478,-0.014996983055888613,0.008433986015166341,-0.07866179474301972,-0.0009862020540629044,1134.7469700309412,1145.6505864975275,1136.2152620424017,1139.0096572839027
1620000000,-3.8946043992250527,-18.49067937757612,-1.986710149228545,2.710801519993002,0.0038288682487655555,-0.017438879703284716,0.007449295497766809,-0.0812363237701286,-0.0012926035119564649,1136.5340750088399,1142.1099214877715,1137.3441057965997,1138.922129771225
1630000000,-3.8691716957319557,-18.490623197299044,-1.9868655254135124,2.715327387567378,0.006625608599757568,-0.015419111695622035,0.006535684246041672,-0.08359601862912988,-0.0015605499007392875,1135.5064370426162,1142.0518150526918,1139.36968092446,1137.0435468400067
1640000000,-3.8409142045612477,-18.490573527723594,-1.9870457244160793,2.710965359143112,0.005747277693946819,-0.020526658502312282,0.005486235577438527,-0.08625523393326388,-0.0018172924195962875,1135.2689510550374,1145.0319262651722,1138.1714014781644,1134.3818341783624
1650000000,-3.812654992803351,-18.49052528771857,-1.9872662077215164,2.7148981405331405,0.003300347074132112,-0.01998222255041231,0.004321158974518307,-0.08881262216489481,-0.002041924539723342,1139.231196042886,1146.1213115622324,1133.9527550150635,1132.4230095454006
1660000000,-3.7872035055041073,-18.490492222967028,-1.9874453587334882,2.7162057942247237,0.0032483481304401715,-0.019243801202551404,0.0032254389436235367,-0.09098077435091073,-0.0021702444224111013,1140.9612173288112,1146.154144456633,1131.8582608824272,1131.4885218016232
1670000000,-3.758900324107612,-18.490455619665862,-1.9876763764527847,2.7186573337472573,0.002644048856235127,-0.0238372437223061,0.0019311146180219373,-0.09329273182205297,-0.002235354307056196,1141.0629135313536,1145.74303273592,1130.4601737198211,1132.1508581739076
1680000000,-3.7334152283698727,-18.490431644150675,-1.98788584227605,2.7169842510181974,0.0036497350509642618,-0.022916568544154792,0.000652985047633786,-0.09513906715004948,-0.002151329355145138,1140.2521369655271,1144.21827262749,1129.5736412208344,1134.3757279795057
1690000000,-3.7051016240969386,-18.49042292270967,-1.9881222790998923,2.716779378116186,0.0007946800719546651,-0.02117132947310729,-0.00072665682018392,-0.0970887497027729,-0.0020248871261082497,1140.2837971304266,1142.7385831999127,1128.2271300690718,1135.7364258343368
1700000000,-3.6767728482638993,-18.490423919552008,-1.9883433348065167,2.7207504286303568,-0.0004937571252498018,-0.0220186647516013,-0.0020797726083106724,-0.09878432935905093,-0.0018508660210628269,1142.4464450415019,1144.9171227535353,1125.063038405069,1133.6502911232328
1710000000,-3.6512524325603573,-18.490430976843502,-1.9885553233780944,2.725502379879539,-0.00034194422923719374,-0.025359416306683265,-0.003257352184794493,-0.09999303080882042,-0.0015574361828532108,1143.4218346818511,1146.9361207355948,1122.4356340627335,1132.8155981964376
1720000000,-3.6228245635395404,-18.490427477531053,-1.9888140101202454,2.7313896849940686,0.002370646221175962,-0.02468437926192214,-0.004474765134715324,-0.10097936757221561,-0.0010691844783133678,1142.7515271197549,1146.3602904799966,1121.8512289858213,1133.726794603915
1730000000,-3.597209311649154,-18.490402449899673,-1.9890339561270438,2.7328269666992804,0.0025706166345391447,-0.02286364546494067,-0.005559881744420973,-0.1016074204592185,-0.0005091963341618203,1140.7676622195077,1144.8724350000418,1124.4488228787957,1133.4660000263052
1740000000,-3.568719520184063,-18.49037642137993,-1.9892469862493787,2.7364759619976162,0.001444089351885966,-0.01972477960953243,-0.006810588844689424,-0.10213482116427082,0.0002097681819901125,1139.1488411476973,1142.422166535804,1128.2066472300032,1132.9472645478506
1750000000,-3.5401805788236915,-18.490357547484724,-1.9894515056761648,2.7419618424327132,0.0014329889701102166,-0.017892687508157402,-0.008205625298804349,-0.10240827376340518,0.0009790806486768223,1140.540404780837,1139.8460112013834,1128.6477567818702,1133.603614167001
1760000000,-3.5144649063374884,-18.490360260805353,-1.9895968370048005,2.745127315670124,-0.0008457743520510154,-0.014832542952303117,-0.009416387168745287,-0.10254995441112115,0.0016591370235348871,1143.3052888572643,1137.0613309339421,1128.405166215187,1134.2447071998947
1770000000,-3.485876469147089,-18.490389710009786,-1.9897436510255067,2.744580326918815,-0.0040825423249602165,-0.01521382510576703,-0.010682422078874154,-0.10260757275823681,0.002294719270036868,1145.7158657017183,1134.2155143036268,1128.5206140091718,1135.288477209461
1780000000,-3.460114503662939,-18.49042909632509,-1.9898908422266162,2.7507971220533864,-0.004548472448348519,-0.016536177878865136,-0.01163249805643595,-0.10261605217152453,0.002871011101901259,1147.2694237094051,1132.9195412425572,1127.1233543901096,1137.1069305510043
1790000000,-3.4314451889102355,-18.49048894137168,-1.990059606303449,2.753436517475651,-0.007946451396771555,-0.014502316506086316,-0.012553204429242576,-0.10248448596968446,0.0034333788847588876,1146.6617633320527,1134.9447885597324,1127.1509250462161,1135.8888242556689
1800000000,-3.4027572385171827,-18.490598120287466,-1.9902181036143043,2.753421219700953,-0.010726937688563185,-0.0141157450849364,-0.013353155384506859,-0.10205687005643392,0.003911967043860354,1146.4098645009149,1138.5701040933047,1126.759422392244,1132.8056116079588
1810000000,-3.376938152999573,-18.49069931511298,-1.9903383746963375,2.755380522791706,-0.012402052593683736,-0.011031907983831501,-0.01391687142807524,-0.10141174341058276,0.004381820660303174,1147.2879926169269,1139.4101461661567,1124.126221421977,1133.752088307394
1820000000,-3.348195257794572,-18.49082252979566,-1.9904726993051747,2.7610213712395497,-0.012761496998989923,-0.012595687801716274,-0.014399614351907055,-0.10054831712486599,0.004919673478814361,1145.3489333703437,1135.8530393377735,1124.1176581874909,1139.630810272416
1830000000,-3.322316159605573,-18.490943536506656,-1.9906019002811706,2.761104003478528,-0.014023578217322119,-0.014163969517850669,-0.01469832838320174,-0.09974092107810024,0.0053329388823119064,1143.8121401474145,1131.7998984757792,1127.3027787997748,1142.4268771334648
1840000000,-3.293557612385858,-18.491095252216738,-1.9907712861167588,2.7611624001992134,-0.016256731023225154,-0.01706749150234179,-0.014718582489997752,-0.09874544242711286,0.00571136410468171,1144.2020982002484,1130.1999530311448,1130.5623733979767,1140.2075126415923
1850000000,-3.2647458822999287,-18.491284962556925,-1.9909610952746937,2.7697873475322936,-0.019836204810382035,-0.02138242864208212,-0.01456345079313282,-0.09759025771661507,0.006010093651879873,1141.506149993572,1134.0952532395233,1133.254535333035,1135.4964637419127
1860000000,-3.2387720319431668,-18.49148330188693,-1.9911483005640536,2.7723000963672737,-0.02410582962675223,-0.01878803924715646,-0.014356489282056562,-0.09643876451429705,0.006255849117134481,1140.384318457934,1137.4022341445805,1132.7373665234977,1132.3791536075864
1870000000,-3.2098857054106573,-18.491750749478918,-1.9913280759994434,2.7747275628044337,-0.024515015553713736,-0.0170742257306436,-0.013934305154990424,-0.09499015390663304,0.00648732599287662,1141.5994323002449,1137.2191692032166,1128.9877697763704,1133.398325849503
1880000000,-3.1838585523434775,-18.492001582105278,-1.9914867510554355,2.776022891472036,-0.02808596619342819,-0.015782686530241195,-0.013488747965144453,-0.09357665647298372,0.0067433198662075625,1140.7248723943546,1136.5334968743075,1127.4108957766189,1135.8265130232319
1890000000,-3.154934859870146,-18.49230121949053,-1.9916557526037288,2.7765136459815323,-0.030322122081865847,-0.015183577626871475,-0.013027602049247963,-0.09196437717911304,0.006946261151971662,1140.0280311856188,1135.2300658301256,1129.091694857907,1136.0260830422149
1900000000,-3.1260059741133683,-18.492639686024773,-1.9917891086205957,2.7760076319701756,-0.03418947405944216,-0.013750492732769843,-0.012547455068525332,-0.09037496364764173,0.0071732599987765705,1140.1778976233143,1133.1159053931112,1131.3741380652193,1135.8301021102523
1910000000,-3.0999751819291532,-18.492950849580236,-1.991883362472298,2.7759708967519914,-0.0321210065392725,-0.008648258991369596,-0.011996351725527704,-0.08885610031411553,0.007488788157871608,1142.0390725935074,1132.6123813845059,1128.858477242217,1137.156668010633
1920000000,-3.071085938002135,-18.493313339154497,-1.9919838811905195,2.77351930841914,-0.03591485514979213,-0.010569839050768672,-0.011225790155105548,-0.08681299376870695,0.007809531628891671,1146.057999003168,1133.035069696437,1125.6185704645457,1136.7357965910483
1930000000,-3.0450812995785155,-18.493660642538178,-1.9920961044725563,2.7730345127557223,-0.0377805467662147,-0.013756192565432299,-0.01036214786285477,-0.08488918983890344,0.008057425105816796,1146.0317984975563,1130.6501050233242,1127.8952234925953,1137.8544131923331
1940000000,-3.0161896833139266,-18.494042035438042,-1.992227385431255,2.774964532355175,-0.0362800436271071,-0.01309641074162675,-0.009332763608688049,-0.08266136874255084,0.00833296565419014,1141.5174690530189,1129.0522168228254,1132.3261645070531,1139.7383523293443
1950000000,-2.9872792316729315,-18.494430515213455,-1.9923436322708057,2.7757640091231894,-0.03763626521125662,-0.011597834872314366,-0.008213546627203661,-0.08033022008293884,0.008550064070238627,1136.856062978356,1131.1950690258645,1135.4748758047988,1138.6696080016156
1960000000,-2.961242037573865,-18.49478579050935,-1.9924567204087078,2.7782350978617143,-0.03820502819639526,-0.013647443223771151,-0.007162853485655314,-0.07822028313747735,0.008704252641199063,1134.5779417111823,1132.7740982322193,1138.1924641912783,1136.4393663516653
1970000000,-2.9323071371071627,-18.495183792620292,-1.9926001795039032,2.7780980260177253,-0.03720278435789847,-0.014507031442645597,-0.005989211478105614,-0.0758912310126755,0.008796024320835158,1135.5194631841161,1131.574972877705,1139.425752149375,1135.264050874542
1980000000,-2.906274234466746,-18.495523334184632,-1.9927345528815368,2.7745936477917192,-0.036637034907476246,-0.01375677538384048,-0.004898613604367896,-0.07385006305200427,0.008844240172007148,1135.1069384448963,1129.1085776899429,1140.5645227636778,1136.4832977525211
1990000000,-2.877368549338358,-18.49589935801808,-1.9928613808164417,2.775164448116029,-0.03566857938299043,-0.009305009885302253,-0.003579256494078962,-0.07167757381122074,0.008978921897687694,1131.9468401106558,1127.084467379191,1141.7441625782028,1139.9140226743154
2000000000,-2.848449608468453,-18.496287876707658,-1.9929773834805358,2.776033361450938,-0.03774423892480473,-0.011338112107674618,-0.0021428719927726195,-0.06970985472030317,0.009025410184897272,1131.1398186773317,1125.3685600446695,1143.4778478259211,1140.8569447059215
