timestamp,gyroscope.x,gyroscope.y,gyroscope.z,acceleration.x,acceleration.y,acceleration.z,gyroscope_filtered.x,gyroscope_filtered.y,gyroscope_filtered.z,acceleration_filtered.x,acceleration_filtered.y,acceleration_filtered.z
0,0.0,0.0,0.0,0.0,0.0,-9.81,0.0,0.0,0.0,0.0,0.0,-9.81
10000000,0.030060377188441356,0.08261383140749323,0.36296081408008213,-0.008900127982988615,-0.013580666184771427,-9.86174578494105,0.01350877249333065,-0.02090919462803193,0.11078810544831531,0.02545529181001812,-0.007084328118068652,-9.837157811518052
20000000,-0.044877005887614056,0.00307240651975918,0.7894820747263345,0.0020145275897281503,-0.20234716242099085,-9.955199176169907,-0.005563467264056169,-0.012519353754574596,0.46179119802384194,0.003941157292199941,-0.061285569928640586,-9.903690515879642
30000000,-0.024420389702761218,-0.3317015526039879,1.3274359127474595,0.04339222862144365,0.0643330226434427,-10.020093156106752,-0.014297322287015605,-0.1435164607648431,0.9300259013642707,0.026210695765130725,-0.0416265867055108,-9.961511438345251
40000000,0.02727943657484204,-0.6307633610786597,1.756301342354649,-0.11312662702366567,0.02815113656027698,-10.106981863815603,0.0010518080301929345,-0.37216850629289755,1.4173929329532022,-0.005597724370145392,-0.002002464899573262,-10.030564758330698
50000000,-0.0529678473487774,-0.77228741074345,2.2166445683268106,0.01611595775858062,-0.03853641375468558,-10.290596241074768,-0.0362276641959229,-0.598247213224429,1.8808160445310385,-0.07785469684330283,0.033257219288533285,-10.153592223616407
60000000,0.012938094054679425,-0.8342632081783703,2.720538476678072,-0.01904935439986166,-0.014623445568481793,-10.133188667082965,-0.017554324773279503,-0.7534159940220425,2.3454911240268834,-0.043333829271879835,-0.002900431643301251,-10.208713898192837
70000000,-0.13312820183959642,-1.1204129054042151,2.998002285151538,-0.060644127915982345,-0.11969109798731685,-10.21407025271681,-0.04009077695372914,-0.9326017617768433,2.757336941382506,-0.017656895790103367,-0.054436931911218,-10.16811070175202
80000000,0.04707324718846129,-1.2434985021076685,3.3326571586199965,0.09917143661714024,-0.00634202492137869,-10.202539960219177,-0.013111189950532088,-1.1023140925333648,3.11580678113564,-0.005704442073554847,-0.034097730620432594,-10.182530443912839
90000000,0.04034611602367871,-1.25349275550272,3.7180122037802463,-0.10065065333502415,0.07399124627293324,-10.16624329931848,0.04296813594094471,-1.2276304065822499,3.4638677945968,-0.00636818601554877,0.0022173611598573645,-10.135601054604304
99999999,0.1678447915626764,-1.4391725769407802,3.991983883741136,-0.011193266865686561,0.05717703556798976,-10.109843069135492,0.09281009951820396,-1.3406145856688712,3.7762487158878155,-0.016695517378254095,0.028529687262452655,-10.1539815887017
109999999,0.2220338618923385,-1.52586626702305,4.128467650593359,-0.13491241453699662,-0.16305625535382354,-10.228986694166604,0.15202026103447625,-1.4443855085963608,4.031327975962888,-0.05873411968939719,-0.04109964932344441,-10.185563683063506
119999999,0.188855640467242,-1.549983952114497,4.5241242679978715,0.014715552438580613,0.04993816180119963,-10.082635790496193,0.17957291273666068,-1.4979183184343527,4.314467370172219,-0.024888315448850992,-0.009495082382564142,-10.144266687978869
129999999,0.2712870910801383,-1.6121008648293147,4.6011592258752625,-0.013095729548854742,-0.0012868742361939328,-10.093433864883831,0.25395588949826553,-1.5917592025359983,4.547797043570079,-0.009053205362737524,-0.001935056123737148,-10.102337502805778
140000000,0.37662858257135823,-1.6822995410514847,4.81838986034881,0.09722051593192188,0.0723320791228842,-10.13038715826497,0.32714225584902923,-1.6215291889053383,4.7256535308241325,0.02184125169442982,-0.004155904839690996,-10.108024445467004
150000000,0.4331730941777424,-1.7562498040348178,5.028245548375047,-0.006852090505156026,-0.04085491933556287,-10.2511741384267,0.404622888781345,-1.7135000487554768,4.881217018110725,0.015091362483763198,-0.015920698916547467,-10.156969579810049
160000000,0.6050646243463782,-1.7329319651522095,5.207301144614844,-0.021844349342015342,-0.012344877192882478,-10.096930544132238,0.5207943475556327,-1.7701858165907733,5.068114599744197,0.030353525577201734,-0.005368395994608597,-10.139249492050252
170000000,0.7868127376913862,-1.8242565070732473,5.3745552735697695,-0.00916665543552227,-0.055303373000579505,-10.198025554769522,0.6465113009886502,-1.779682094382616,5.228354070827303,-0.003944461413715634,-0.027843600935949033,-10.105606822348857
180000000,0.6473533880790977,-1.7877164237856447,5.459217146592503,0.06572419539066944,-0.0011172731853279303,-9.979131669844218,0.7343029755752517,-1.7979013172883138,5.369900975502785,-0.0025959811286789623,-0.03932629074415632,-10.056176058071031
190000000,0.8934191560252395,-1.7883817114824279,5.4933232180169185,0.06368763473416833,-0.1087692155741981,-10.154821615584156,0.8210894382448679,-1.8199556201292761,5.459526833512709,0.05472514376178382,-0.023993986815069014,-10.112753690638327
200000000,0.9398442220691178,-1.7045122039451401,5.602520725953335,0.05934401164438189,-0.04203281224950961,-10.245562246531458,0.9059028455082982,-1.7520035404353091,5.561715274026814,0.02613465794785433,-0.033870394111855565,-10.151288809194885
210000000,1.111003043860012,-1.7415334150308095,5.762200125692271,0.002113911077494108,0.10217565046216318,-10.185435810022607,1.0104785898801256,-1.7504627839332294,5.662488113387656,0.02114483832808012,0.037032677758294365,-10.16185636817735
220000000,1.233033841683487,-1.6837090734115638,5.8196648195798595,0.07111461535461241,-0.051100484321644504,-9.97756552755662,1.1267556432339207,-1.7235561122160798,5.7542193773207915,0.03128923359582368,0.039268714139614885,-10.078764810807751
230000000,1.2902354561207883,-1.5666080569241736,5.77770504519426,-0.03523959648154956,-0.08887095872033017,-10.000548321933929,1.2580652781580104,-1.6337292326975004,5.790297761652735,0.010089586607668158,-0.012226921059104001,-10.051623741380102
240000000,1.395982654906505,-1.4649075223997001,5.708494384024495,0.02331185615348668,-0.08462912599037352,-9.96822768568453,1.3416365522640918,-1.5359281412782464,5.747676292996692,-0.011293501271893968,-0.036775707191147346,-10.00128200370722
250000000,1.5046460497589953,-1.3340123505344903,5.623314345226153,0.0456057099750085,-0.0016095532159392124,-10.08656726130122,1.4451320523920541,-1.4327982824256735,5.664632605145551,-0.003551185989316325,-0.029981876423831908,-10.050847938080548
260000000,1.6227527727729527,-1.2646626518253556,5.43325410467706,0.08397720228155721,0.0699300157251441,-10.067348964605655,1.5777231136363739,-1.3343618695704564,5.550950027287287,0.008189667448908347,-0.014709163297716014,-10.087093456841767
270000000,1.7520987359151716,-1.10572500095999,5.431136344654299,0.02227737961064986,0.08190705992301182,-10.086911919162826,1.6760619283245255,-1.2451868006069289,5.45575217716112,0.006705670823074042,0.019096174089105945,-10.080853427703335
280000000,1.7810321880633564,-0.9884724775780869,5.167355360361488,-0.006436737283461592,0.043955249809098,-9.994983817251079,1.7323335027928648,-1.126014979686159,5.2820335197861485,0.018803591590923135,0.013235731370349856,-10.01454359423036
290000000,1.8801484546489484,-0.8977533016862955,5.0107572986452436,-0.14191564935291973,-0.140502619069528,-10.034235671732826,1.7901930203414773,-0.9927733763929774,5.130390682961702,-0.049304845457901834,-0.03328273570118045,-10.049551984932158
300000000,1.8571624999245002,-0.8980663561019051,4.745904768456545,0.0375821568874061,0.061709173212023224,-10.031293773457566,1.8534550647169397,-0.9494648858369606,4.940146531589915,-0.05003963096676661,-0.01626483917715369,-10.084381059994774
310000000,2.0356462666202924,-0.6043904571172569,4.518435268209124,-0.1539586646919436,0.0199727582301171,-10.072218424517771,1.9184022688752265,-0.7641771872279579,4.73742234531911,-0.05896590649481996,0.035800527748298255,-10.047843529936669
320000000,2.0815520062385358,-0.5703392653975028,4.289685315332151,0.01936101977324478,0.0029580946801280802,-10.064953196535107,1.9951061343216954,-0.6520105106615234,4.477063556583802,-0.017371932619270385,0.0015656143913412683,-10.06062030529551
330000000,2.0044171876992056,-0.48949594919498773,3.975347918320731,-0.02136860744306364,0.019421919934260602,-10.09888034502612,2.008153862839844,-0.5467861534192505,4.200426256846857,0.004806376178083268,0.00917852653076253,-10.12744574496824
340000000,2.0363252417863174,-0.4358692990268309,3.9076046260699906,-0.12095402481439789,-0.06036839259296749,-10.107689976697591,1.9801204399368066,-0.4636081747711842,3.99295854510673,-0.06793198957905126,-0.030660947071538495,-10.127611809233073
350000000,1.9093844574474717,-0.2699095970198956,3.4993886309656346,-0.007754846056951729,-0.019648078550611348,-10.203550875544819,1.9308398354435592,-0.3915531030648851,3.7387119111177256,-0.04777562715287411,-0.0564449775468094,-10.137948251561284
360000000,1.954786119141803,-0.15123285399418585,3.3455703687507086,-0.04974344819087241,0.055134498434354265,-10.167816285206126,1.9397223571100537,-0.2861391821693267,3.465347050434308,-0.04836072072149938,-0.0009558405684505951,-10.192758662225339
370000000,1.8064109762967269,-0.03631017903908207,3.0003845385512715,0.03975133322520299,0.010388506967075085,-10.112741981813947,1.8822478527799462,-0.1700471011087783,3.2057079190214313,-0.017628479056771347,0.05562387833626134,-10.198140205472567
380000000,1.8180600030704421,-0.02335662774780158,2.742936493351549,0.10662730781461097,0.006671121193217215,-10.074239096039665,1.879090878884826,-0.09018268833266051,2.9324840959433325,-0.013017158478086415,-0.002090016665686683,-10.156063580951695
390000000,1.8768478689318364,0.03920791982308786,2.353550992353332,0.04864918868358695,0.08973136397509275,-10.182978240008824,1.8546400666982152,-0.032778942921190296,2.6224349114876895,0.02067149600565319,0.010823674325299062,-10.167849943162835
400000000,1.8007934169363427,0.07028351902327683,2.16490055339212,-0.01349439891172953,0.008447091778634744,-10.126522701683935,1.824374903112635,0.040703498689553315,2.355949210284693,-0.002807088160134262,0.016380247578108145,-10.160502750016633
410000000,1.707867463706468,0.039549321935212906,1.9535510966921867,-0.09972510654893363,0.15893850158284412,-10.212310576550482,1.7821480824467244,0.11497410632278329,2.1064717922087954,-0.04732550616044823,0.06375277123186505,-10.155706392415674
420000000,1.682572574989682,0.27150403926274425,1.715103584473963,-0.04059519329762381,-0.08499786454281703,-10.127064451429117,1.728725052149922,0.2074820953665461,1.8564056517016971,-0.056651172415876826,-0.03177064112782679,-10.165896817831841
430000000,1.5847924261523754,0.26108770359616457,1.4688599136651102,0.023874204797376147,0.04051067830377086,-10.226151727219941,1.6706444121389328,0.23565632990785992,1.6438653177356009,-0.04927493355336314,-0.0006596378859244217,-10.213285103135487
440000000,1.4475748637452528,0.2494565280137714,1.1817802878007624,0.08296557828437788,0.02664357366212035,-10.283325619263474,1.5867165543445518,0.2460313911759208,1.377202604082043,0.003687405866505601,0.0258565126288675,-10.28396250233211
450000000,1.4108284769714827,0.4056541674940821,0.7767103616377635,0.028798471443304538,0.019672272959082537,-10.109827183592584,1.4895439517535451,0.30012521458296015,1.0522583976935902,0.02079693425601965,0.036620034707616406,-10.23947786254641
460000000,1.3859320479841433,0.35939815343085635,0.6630953724579344,0.011202113196579787,0.04342400072060059,-10.173127391274505,1.4137331776691102,0.34320897638951287,0.8360141877632842,-0.018364917071710514,0.040962880314174374,-10.19316078184027
470000000,1.2954171781737926,0.27672886593397866,0.5052396983024302,-0.09424417629022716,0.15214794764833617,-10.153610422914975,1.3488376575167362,0.30931399010648253,0.666268349040123,-0.07771181951363165,0.08088841287521345,-10.210016343714322
480000000,1.2310257099603061,0.1008749617302925,0.3078001383264178,-0.047431636116117726,0.03519808135183493,-10.271660118407008,1.2670784481188506,0.26582592916791814,0.4786973295785887,-0.10063692432675125,0.09097113991617675,-10.210787012503463
490000000,1.0755430404959638,0.2565789289942218,0.0888311364537445,-0.11512458938101297,0.014294522172123403,-10.306348616110313,1.1643185943912666,0.25977077426140877,0.29773781439332875,-0.07888830172980196,0.04560734950805534,-10.246179454702954
500000000,0.9463841964170735,0.2303368556499903,-0.06291524208188921,0.01912230235968703,-0.042863022783348824,-10.419893637065783,1.068991429295369,0.26732931627208717,0.11107387104277858,-0.047033436122434914,0.00750135322822882,-10.288871303973202
510000000,0.8473712652802706,0.31814549482992904,-0.11254576056184193,-0.1027145733024024,0.11507301387090207,-10.177504031766835,0.9163188911886888,0.2524536898359013,-0.045028728252411235,-0.06379704519874446,0.05238486295317644,-10.235653884988587
520000000,0.8022209106936314,0.28037419830559485,-0.25566876014784845,-0.06308278417251925,0.13414364565868875,-10.245031958469076,0.823810167556388,0.2697054603887934,-0.17823045525145714,-0.06100772518921534,0.12523900443895014,-10.184066911133105
530000000,0.6754541285696448,0.2617586482220899,-0.4731706987977535,-0.07272609746520489,-0.013402785912962387,-10.158001862163971,0.7515217161573664,0.2727960146132492,-0.3422183841664147,-0.03874683163812777,0.08812924614313492,-10.1912456789908
540000000,0.5403288960339216,0.20143292868672194,-0.5779134032647177,-0.09579494746998844,0.06221143556993627,-10.245129408532849,0.636423139304906,0.21343342780626623,-0.4768191193455945,-0.05106653415788495,0.09608005389697351,-10.281015311615986
550000000,0.4725228844086856,0.20255871095244055,-0.7249059306823902,-0.2067116762499207,-0.0860183471907192,-10.21406228932124,0.5031988302040342,0.16348826289745783,-0.6294793663524826,-0.13922109650595083,0.08968510715959721,-10.262875810300851
560000000,0.3996988245796283,0.10766199890257225,-0.7343772601060008,-0.09971590228742869,0.13020453714429678,-10.260267201234697,0.4582515288247422,0.13846639035337976,-0.7181461274660536,-0.13854666838452115,0.08983589503641104,-10.221934302670242
570000000,0.26528588510496326,0.13649594875025,-0.9477736993334869,-0.17780818258548084,-0.007805000240010466,-10.20197855752151,0.35684702191298984,0.14742874006422801,-0.8168127899781701,-0.12085260088882838,0.0493087581969978,-10.242180021302996
580000000,0.1418832053831872,0.038314860250977856,-1.080999654187453,-0.20484446804992357,0.07122251247243407,-10.298636211806777,0.2698095299997564,0.08917939393131698,-0.9386809147156538,-0.12340482324041857,0.03634428690405783,-10.282363155464518
590000000,0.07202348944510302,0.02221966365281228,-0.9758955432373503,-0.052947197512757546,0.02291947663742332,-10.316674724672104,0.11316194811317998,0.07365859284537589,-0.9936140516744711,-0.15531103764025278,0.02214398002644401,-10.276234656254033
600000000,-0.045853438634569706,-0.06829731251917491,-1.1003239123327362,-0.21384470170577574,-0.05940726748498108,-10.288281409255752,0.004157450681546611,0.006332207892351924,-1.01493913494804,-0.14536795896928936,-0.018220700257938018,-10.270565511685383
610000000,-0.17960709491259214,-0.014316892310034197,-1.1353317171931572,-0.09309160934075285,0.027053597902312085,-10.244753235541394,-0.10675767606288361,0.019002774309595478,-1.065114109918472,-0.14343579535556517,-0.034675358695652275,-10.214485789018061
620000000,-0.369299098854716,-0.1151396067468809,-1.1384001957262853,-0.055201823665166475,0.1469872466906162,-10.252194218860778,-0.26602531025967036,-0.03183093190929223,-1.0805167160974727,-0.10863483674605738,0.021187541713697324,-10.21809866829625
630000000,-0.42825846024854297,-0.08921118933813602,-1.1491080274699592,-0.19070990636578658,-0.08899872882117169,-10.272732790278688,-0.3534892613056587,-0.06956768806268937,-1.0952100407408973,-0.11738224531872773,-0.0008018609146455899,-10.246918007576667
640000000,-0.40897413272218797,-0.05091877799832614,-1.0339633582591303,-0.18787024242656636,0.056441633762763066,-10.314797905506119,-0.38240905494684696,-0.07365260632197142,-1.1040927494458663,-0.1484008815341279,-0.001910643358243964,-10.297633367881236
650000000,-0.593013324861269,-0.025564941192960194,-1.065791626505399,-0.3432757177691358,-0.10900288292037186,-10.306385109593526,-0.464942100810555,-0.04478547544805638,-1.0678461337571674,-0.2209370956294447,-0.03822723704797918,-10.318600080148222
660000000,-0.5673722219477316,0.023226734040323715,-1.0718057686344675,-0.16589232742620652,0.027067268067771454,-10.25875190359671,-0.542814577055992,-0.001554054328498193,-1.0686005884406269,-0.17641608322339375,-0.038507284650042106,-10.277571541432659
670000000,-0.7112058144795634,0.03456888505619165,-1.052074348560013,-0.21120378599886294,-0.013684230114395252,-10.257599273697585,-0.6499299969960319,0.011604425831905553,-1.031648120319414,-0.17557291786806262,0.010770921551158668,-10.248913859150386
680000000,-0.7565981803244752,-0.09771846068466614,-1.0669796852349291,-0.09228171376969917,0.08257821926475786,-10.34856827211521,-0.7129711773060304,-0.04322283397674488,-1.0475731661060375,-0.16198303616177245,0.07283716078664786,-10.254365934889956
690000000,-0.885859839171196,-0.05446479944897162,-0.9629542776938571,-0.2352245049524141,0.011738418375360476,-10.30633472405403,-0.7980647579640832,-0.07530765515769328,-0.997317739811816,-0.16376367919795776,0.027182225275761446,-10.269924995027427
700000000,-0.9421817788730804,0.01471327811639278,-0.8616829590970051,-0.23339296033409954,-0.0831559679003641,-10.273103577080127,-0.8804081041090598,-0.022816915747879765,-0.9100870754543493,-0.19427451697021444,-0.025313034256028953,-10.29123914872026
710000000,-0.9108433761663681,-0.028146989173139788,-0.9100187836797315,-0.3285629937943699,0.04127668205993786,-10.231985617949338,-0.8803946147065846,-0.015431027739336717,-0.8902974564067732,-0.2373993443858144,0.006671818323376445,-10.242566587285662
720000000,-0.9264757072234918,-0.020928069657756045,-0.7415928527032061,-0.2266466237786704,0.039682068876721655,-10.19341527407671,-0.9080533738880253,-0.047584327646348124,-0.8730212728290163,-0.22702480024155752,0.04143723378965583,-10.223353213841616
730000000,-1.0258588645357216,-0.0235203038598371,-0.848258569813157,-0.22613977139866526,-0.12591511703980526,-10.254462211100735,-0.9824542493166415,-0.023265562419543192,-0.8161169337319659,-0.21885989740016687,-0.033227144464053046,-10.25433730637865
740000000,-1.114747054702981,-0.06993793497013052,-0.783637617316673,-0.34141821790611143,-0.15912274942369972,-10.346634359372342,-1.051032808402787,-0.07839966821086167,-0.7987819596435906,-0.3186479020671617,-0.051190620153367485,-10.289320068928255
750000000,-1.0268002311709084,-0.023564183831714172,-0.7500971804780279,-0.22631316061148227,0.02253226355698485,-10.202778305867215,-1.0839240217269859,-0.07875030779151554,-0.7745144788929352,-0.29423314930497485,0.002547247948281605,-10.263228975344887
760000000,-1.0878478762572916,-0.10224279194240429,-0.4827113996453994,-0.23285980846163382,-0.005795843778676708,-10.239688481801464,-1.1140176791701817,-0.0880423880007393,-0.6515600153549735,-0.25259470551842717,0.0001222093550400441,-10.20351902150185
770000000,-1.1632226598248279,-0.008837806563593661,-0.6064511214884906,-0.3556651985787493,-0.05618585681792988,-10.203501980944912,-1.1348873421730235,-0.08364891155317075,-0.5460982099792264,-0.31546464862799395,-0.012566549768794955,-10.213860828333656
780000000,-1.1607732433916813,-0.2390341230430294,-0.4470476495740642,-0.2880157842920515,-0.18641088778422926,-10.243339479752196,-1.1411991012507068,-0.0895129366494849,-0.4689661701000319,-0.32654808321368806,-0.06631859587754346,-10.247103374275477
790000000,-1.1077833769433307,-0.06288912131334218,-0.4320352316950861,-0.3562718303906947,-0.09789082047266356,-10.284349956520376,-1.1526964708893235,-0.08666586229461085,-0.4634623578885567,-0.2979587330855177,-0.07500040088926173,-10.273839815904608
800000000,-1.2635766684421086,0.03649981863503487,-0.38572813694780017,-0.3504232989107158,-0.097561735681549,-10.232042579752513,-1.1717049482007609,-0.042948766971632954,-0.4411992353640708,-0.3085634752370777,-0.07074312271402271,-10.309498096863573
810000000,-1.1099179410784539,-0.010834059933601668,-0.18026778827518353,-0.4161895235836225,-0.021408643039269815,-10.138717904100334,-1.149234214317953,0.0053710080714241175,-0.339928288050644,-0.37133871740226976,-0.02200358690997296,-10.22012009106836
820000000,-1.1838235374621255,-0.045228004488992696,-0.1492606545560502,-0.36483537386718196,-0.038048625668217324,-10.241445206203549,-1.1243463622876997,-0.03704385996184915,-0.2330675079757143,-0.3566068314972614,-0.019297436376071495,-10.241727150887204
830000000,-1.0956990476217032,-0.06863013218328394,-0.23353944032815363,-0.3195601437846782,0.07884418748549042,-10.294641319399023,-1.1175301667168158,-0.04093258720370905,-0.2354125178370985,-0.3147924458125762,0.013669807723780814,-10.288963769490017
840000000,-1.152487336859311,-0.03740625387483319,-0.10549983547043232,-0.3273934113551648,-0.05562902180977379,-10.416203830246149,-1.1217108617526148,-0.01361334167345876,-0.18512285884778196,-0.36580573601508515,-0.033787587950884726,-10.310726585503339
850000000,-1.0697720639326913,-0.15790366800709513,-0.08600382569913868,-0.4180778480588595,-0.16352292021536446,-10.330294508873322,-1.1135181881005012,-0.05659112976379996,-0.15032843890810005,-0.32604077151767763,-0.09839890741245008,-10.310270130010942
860000000,-1.044013442011003,0.04313021228014825,-0.03687607840113717,-0.49683647883626364,-0.1317456732396134,-10.31032795179601,-1.0720562014042756,-0.040144416938949365,-0.08169378244097847,-0.3961658274064226,-0.10681726380018805,-10.299194527404916
870000000,-1.0333705432116373,0.02109004966153244,-0.05954079531046004,-0.5604439001555844,-0.030877198894334372,-10.24241180114177,-1.0416437617269632,-0.023513506986847028,-0.027847375428320734,-0.4533440275132714,-0.1086034206448293,-10.293418035997291
880000000,-1.0463929335414808,0.0068953139586592875,0.017881892430449933,-0.41973816333419856,-0.041961313938448985,-10.404056201442254,-1.0354061429792953,-0.02693272348197747,0.030366186495755534,-0.4543905660553868,-0.09713754216092732,-10.339112943157243
890000000,-0.9349374011539333,0.008113641342695647,0.06182233534880762,-0.3956553414279318,-0.012034992523459347,-10.256111871766784,-0.9719101098278071,-0.0184070044329678,0.06172280681805033,-0.38104574992867724,-0.06434074424515254,-10.300815705552363
900000000,-0.8228226266230432,-0.08945397701974975,0.17263428549235937,-0.566951179978978,-0.09798921770802953,-10.353706397996666,-0.9138181073844366,-0.0437531371120287,0.12869271633937213,-0.3877734808253747,-0.06585787331376292,-10.33698353838953
910000000,-0.7834905429075625,-0.026257814912444482,0.1006624352845619,-0.37887305226098456,-0.07061680062093299,-10.32205601675505,-0.8505287291845245,-0.055512379371467524,0.1659897009071197,-0.4478974899584482,-0.09010569944332021,-10.328246735128083
920000000,-0.8377311473980408,-0.020472185749273713,0.28346774850938006,-0.37024766703765,-0.031550967766849,-10.264155718783146,-0.8237998507468982,-0.04911308079494931,0.20402469418560026,-0.41306077351200415,-0.06113711313706414,-10.30424557500794
930000000,-0.7853492191259758,-0.061397122250511846,0.2571162885048688,-0.48446158776947656,-0.07314241512527571,-10.363868859736645,-0.7944796036940307,-0.049086336549117364,0.2127936992338233,-0.4146156228673332,-0.050367762855369425,-10.307332340731675
940000000,-0.739820329735032,0.0037515582794260937,0.2875726807253824,-0.41951545466697115,-0.024539905211656096,-10.367737275276063,-0.7464333097475542,-0.015168473486084785,0.25751564428097307,-0.4243997438238277,-0.03414885366177681,-10.310954032009697
950000000,-0.5680706831864948,0.012617562310888977,0.16629766713788616,-0.4689113971153168,-0.19463113688956102,-10.301505950943977,-0.6956626890207046,0.021471529808768944,0.24946896147971348,-0.4260806328546022,-0.08491226897011991,-10.272330171066795
960000000,-0.5985571606196953,0.11424680363205655,0.30675598007264526,-0.4670766198236264,-0.07322224889226871,-10.232943785405052,-0.6510625357005497,0.05608799372028834,0.2774707254899341,-0.4701941954476666,-0.07609151338628865,-10.280838265437843
970000000,-0.5955368745901087,-0.032888505363281605,0.30159063786842255,-0.40822403526054357,-0.11609500895663552,-10.16815467037534,-0.6080417920487933,0.02702727602628932,0.30055787154470426,-0.4444585819815264,-0.11022420387605704,-10.220047071239463
980000000,-0.48571401427869654,0.06785910807732556,0.330610565364431,-0.5907826371933523,-0.14444927809416785,-10.181776647820477,-0.5494535634747345,0.030612340838413576,0.3227809863747756,-0.48007176635667526,-0.09176777010754783,-10.186730608079499
990000000,-0.466386394915868,0.1711069778888469,0.329109651668811,-0.5793124081590638,-0.11651011327411989,-10.067974399860283,-0.4905833230059653,0.0806175208138265,0.3345991158550211,-0.5051638118671518,-0.09940148722022515,-10.103777543740721
1000000000,-0.38038317480940326,0.1741276926765019,0.4218615199036545,-0.6899245101542708,-0.07018681396972382,-10.039319111884467,-0.3972274707802963,0.16271771476888175,0.38392794851334533,-0.5173510458281767,-0.10183041104499174,-10.070823615921686
1010000000,-0.4063895492771277,0.33825696116332227,0.26039253397665574,-0.4577202787087987,-0.15235223461886296,-10.083879719113632,-0.3437810972711143,0.22998072902736277,0.32340008256415925,-0.5382773481234194,-0.13331455261368969,-10.073656594099658
1020000000,-0.22456390751832353,0.25015065241038514,0.3806956729650114,-0.4661860384934043,-0.1594514557923905,-10.03806113001937,-0.3129124350625371,0.24184081684417402,0.3445327081840138,-0.47325630385521544,-0.1537202730745193,-10.08186518815485
1030000000,-0.1836572621717975,0.37409728331821174,0.44600548084081465,-0.587709322170931,-0.09745077901089585,-10.115431495615473,-0.22358668184782488,0.28888136076413556,0.37583680569361455,-0.48890507936068606,-0.1455077973551381,-10.087464499515189
1040000000,-0.137247927375853,0.3956097850260036,0.3635106919823431,-0.47908593326457183,0.04196558429119448,-10.029519266926535,-0.18395521293753414,0.3281419651418198,0.3448131434691588,-0.533046522527673,-0.10455684799321668,-10.077435683946296
1050000000,-0.11638108897367838,0.43169681007889726,0.2982324989472655,-0.5736663492828445,-0.009059123836737543,-10.018693232529968,-0.14924803639922052,0.3619521138119052,0.31998474148523415,-0.5671004437525564,-0.009291047539799532,-10.040669533743008
1060000000,0.040541840214480956,0.41519965687765914,0.15545140624244155,-0.6694582531616213,-0.03477201868081674,-10.006616157444695,-0.0527362061053666,0.38587363617336756,0.26519256405622493,-0.5782820132458865,-0.02164441177251989,-10.032390434026158
1070000000,0.044114261930699734,0.4204769695576077,0.4443692950683204,-0.5183297954221321,-0.04460268530453987,-10.119124299517276,0.0042043091918397175,0.42463727605471985,0.30453227734725785,-0.5758905828492977,-0.046863087871810774,-10.027753422478458
1080000000,-0.015369232294396754,0.40814564057634856,0.1882746835958653,-0.45204979682133023,-0.07537997303675491,-9.908161613895373,0.045910333578970945,0.429255967367163,0.27168531231713877,-0.567378932161235,-0.07324220059799678,-10.004960102905304
1090000000,0.15722188559154424,0.41427718975180483,0.3022256731378518,-0.6422218127490962,-0.09122735797358848,-9.910420443258344,0.08064137714555096,0.45015113657168837,0.23984895060472355,-0.5778591105886948,-0.06368390123387303,-9.966781062490242
1100000000,0.1897890966252709,0.6206170409927206,0.28905677256556106,-0.5044913260299734,0.04312236570589563,-9.849855837128704,0.15375026186547275,0.5281707664049269,0.2529479111143019,-0.591380749159826,0.0013245750232157745,-9.896275828100944
1110000000,0.24157144372668726,0.6167918251198575,0.32692339782200014,-0.5793607041200177,-0.038526936077927766,-9.907481806296701,0.19745278035020244,0.579551948904024,0.27211476605433316,-0.6142359092039626,0.004761383995067187,-9.905535180335242
1120000000,0.2649764463630348,0.6203584283846346,0.32399076573488506,-0.7770546052424651,0.022646661663966953,-9.894724355680397,0.229727617712648,0.6122215459217957,0.29486267618597545,-0.6605536111183314,-0.006552358040059428,-9.900239701063493
1130000000,0.324750850412498,0.7303057968883908,0.24449561902779035,-0.6343361299927844,0.05496803940672255,-9.915231470266223,0.2977463478071246,0.6538143010328781,0.24751564788064107,-0.6802111428628341,0.011879468386636761,-9.947027159320253
1140000000,0.33529739008402976,0.6314713727153864,0.21132685730070289,-0.5541568789429507,0.0067730856034487474,-9.916854375885325,0.29825332895743845,0.6646129585606189,0.24395214802748733,-0.633397524802925,-0.01892408085431011,-9.935508955474276
1150000000,0.35170345066259107,0.6193084944612903,0.20427647027858725,-0.5551002415597126,0.00588586619622794,-9.806110619287363,0.331211557650693,0.661764476949124,0.21049772351622167,-0.5913950558038364,-0.03496928434338676,-9.907499508464234
1160000000,0.3368536256473647,0.7962015352609471,0.13519575330281836,-0.7253486369013654,0.019471549507817303,-9.95957615050668,0.3485555424658147,0.7204868792332519,0.16240132304772528,-0.6672468471724052,0.009320376469512458,-9.91646917130868
1170000000,0.5614122161814054,0.7287725847789175,0.04521436095998359,-0.5504688055009518,0.0470691159516743,-9.869989813837904,0.42307333247168477,0.7548075926471213,0.09537740474426734,-0.6711095940320659,0.04131114401763452,-9.892011878160893
1180000000,0.5420309941241268,0.7754791577118142,0.03730661117709576,-0.6787355554700132,-0.0645633706509603,-9.799049144864702,0.4487762768833644,0.7645454312728469,0.09491093345210896,-0.668326426659315,0.0069057021506640885,-9.879520113928194
1190000000,0.5352074493187352,0.8317684619022438,0.022730578477106883,-0.6166390982016605,-0.07194137581378808,-9.872292186525582,0.48652425267848964,0.7793634184287167,0.07843658387716065,-0.689066899440356,-0.03758193702526297,-9.880896655928556
1200000000,0.43945912217271843,0.8254580836136403,0.16511432072484514,-0.6349407225588887,0.017362986284620376,-9.86788894746025,0.49057787207997805,0.7830594166289557,0.10104872201902917,-0.6784594674812082,-0.049308934222512465,-9.910057293747649
1210000000,0.4613260361569769,0.7663639543408196,0.10943207613120895,-0.6685670100208556,-0.22025268979629858,-9.941569615425443,0.45300699387061877,0.7983231581626675,0.1351634323481705,-0.6692948994757545,-0.07666226273402575,-9.900597803494696
1220000000,0.5277512766505197,0.7924056171423375,0.04489940199295517,-0.9137130111747748,0.09301395893897461,-9.876844113606106,0.4633502225396684,0.7953239311189956,0.08859829749717323,-0.7595080723983495,-0.050250624822098355,-9.907041757511628
1230000000,0.3769524564431548,0.7510937178956316,0.11187104015758398,-0.6862208729748647,-0.0003625647497342045,-9.885162908324991,0.44295429295380345,0.7845326147887918,0.09024238607525494,-0.7283960426433194,-0.009446028522930826,-9.848935965176514
1240000000,0.38470666128068537,0.8483275838433862,0.22748120432107583,-0.6881324382412094,-0.03617434433997066,-9.859194477264243,0.4357831698588536,0.7928000682008698,0.11993329619639397,-0.7317192257412439,-0.001944989599273349,-9.893323780939717
1250000000,0.31662358858201617,0.8283330170657704,0.007580511786426526,-0.7910301733245187,-0.03436336964274865,-9.83362646615241,0.3663509004514969,0.8063359922167542,0.07910495724227729,-0.7301488102782041,-0.02177883246374995,-9.843842611002067
1260000000,0.40234676345513354,0.6679257093882606,-0.007456063475341815,-0.6962293998807904,0.055331775337307196,-10.019546786727938,0.37334003154175444,0.7772376587294183,0.017380869261090427,-0.7339258986597278,0.0121678471718034,-9.908346509933178
1270000000,0.4160933313153451,0.6477288144488931,-0.17905098850140605,-0.8726807396238494,0.10943779771074039,-10.007158305172444,0.39519675979413665,0.7066406142095724,-0.051829594580427976,-0.7394694240808267,0.05692249783515796,-9.971326695475144
1280000000,0.41800941497994176,0.6487248469311554,-0.07985000453344511,-0.6289422651034089,-0.007739649827446869,-9.84824936578218,0.4014218089608696,0.6760628046816566,-0.08190157903981744,-0.701979834028669,0.04186972094741649,-9.884760120004842
1290000000,0.3669566092140483,0.6680901715418219,0.015992927753420788,-0.6604735312597869,-0.05066660032193572,-9.902066091468683,0.3738243808815453,0.6662844775686296,-0.04199258005630674,-0.676346278826609,-0.0476292282997337,-9.854730153534588
1300000000,0.3150002229596473,0.6426855391414233,0.01893822741674673,-0.6742877352357491,0.03932125601114442,-9.96676167893387,0.3485146072734185,0.6558352095957012,0.010577116687438931,-0.7172569519854161,-0.02790495382606581,-9.855595646781893
1310000000,0.4842956459710092,0.6383045172695057,0.10063456758406276,-0.674794000344903,0.022637611761931273,-9.803756303943002,0.4246473648804675,0.6273431391978095,0.04788542726070423,-0.7344708208135704,-0.00845298139338623,-9.889912632077655
1320000000,0.4230843312524071,0.7011527883791793,0.008408559590403736,-0.6173625990575238,0.00019776480042207542,-9.983198957069021,0.4115690724318476,0.655012452888451,0.0273163973521221,-0.7120170520257562,0.009961563585683716,-9.939211414965518
1330000000,0.4149079528784494,0.5457227759796023,-0.06342072629964941,-0.7684537553616974,0.18037656850255934,-9.74176347412927,0.3668963711888326,0.6379535069905,-0.02719903923553229,-0.6978322612321488,0.08175713283635702,-9.900314025484262
1340000000,0.3348767049308013,0.6138860104274158,-0.07572188627523777,-0.7788127190761506,0.04765328180734116,-9.997235161496866,0.35820898187718647,0.6198684627639073,-0.057289790264530634,-0.7270898890753582,0.11224724631835323,-9.948078846220398
1350000000,0.2559986073006116,0.5166410471098661,0.011434782069907487,-0.7616772120203716,0.030760524872742445,-9.984603097406985,0.31118686176908444,0.5553934443430243,-0.030906988420566626,-0.7751503174223098,0.04367849993386353,-9.971249295751521
1360000000,0.23523315777875015,0.47710039970549956,-0.1412110055861804,-0.7185486791779085,0.09525785371771248,-10.086054170536617,0.2976617447410785,0.5069904487634636,-0.068754181872974,-0.7305066125774006,0.03233422963120103,-9.991482938083518
1370000000,0.26863725880231437,0.4292225615395747,-0.1296506537115083,-0.7564523245268268,-0.07581810145055384,-9.833289433377074,0.29969482753820353,0.4376566880187504,-0.0912381853016664,-0.7629171831797187,0.027981521940558734,-9.957547378158862
1380000000,0.216658070075798,0.34562375904774584,-0.1369570263194486,-0.6769550894920922,0.07639979314029413,-10.06041296566541,0.27846874274671796,0.3871650794837097,-0.13382325647130844,-0.7497747951710578,0.057294246388142414,-9.977634125435422
1390000000,0.21421954834967488,0.2565775362264933,-0.10094186165279206,-0.693185577417505,-0.0916310031118986,-10.088282986016804,0.27590480764715014,0.3232230279407353,-0.11334522906804059,-0.7516073144455467,-0.0004947313524673105,-9.987210548424228
1400000000,0.21960531643134387,0.25531483839490754,0.043474903952572114,-0.7094538598545036,-0.05075003274084168,-9.922394936571353,0.24223067020166095,0.27009848192945063,-0.06925151786167848,-0.7428523751602943,-0.04672835742964565,-9.970857489600117
1410000000,0.1219000402762889,0.2800995181952697,-0.06532363650144007,-0.8228129349397563,-0.08298225541796976,-9.824779442337983,0.20356584452109144,0.2698923847535894,-0.05576723366736505,-0.758011237771305,-0.06132594492692872,-9.926625304423041
1420000000,0.17075100713738955,0.12099186443256012,-0.23005257786455058,-0.8553212243266923,-0.07313252567847152,-9.893549482961342,0.20829344883466608,0.2036600664269413,-0.11553742678286139,-0.7703934332429779,-0.054449748525605676,-9.927439518828406
1430000000,0.16943028915380548,0.22960219629303608,-0.09208530634926851,-0.8302323179355326,0.005172028484780746,-9.868093510216438,0.1648758514124983,0.16751991873926825,-0.13125272770678,-0.7973240020519612,-0.0009819059742165737,-9.933926281001652
1440000000,0.18555805464742467,0.07229604576705922,-0.02245159380568644,-0.6167455654975338,0.001991268706992933,-9.970967021739352,0.17906519278101218,0.11989273681294463,-0.08645249058222394,-0.7556017529438466,-0.03572198811116882,-9.917988241109473
1450000000,0.09392924891215808,0.061152215197448366,-0.08713486356118856,-0.7000448169977882,-0.1048983960218214,-9.996023730421221,0.15294168113916057,0.05025426504448912,-0.08914353993643083,-0.713755162828042,-0.0176942743928359,-9.927090496613365
1460000000,0.14602092438941897,-0.08236568182119013,-0.1308752264245754,-0.7249140239020304,-0.022665639105886065,-10.01953876299793,0.14297149114328986,0.009592571447099508,-0.09864486575357827,-0.713921148775217,-0.026235762991100753,-9.958382817435533
1470000000,0.12207462369567952,-0.005813584765181137,-0.0696810837143099,-0.5414219526017128,0.03821381238571738,-9.80595368804388,0.13974507949396156,-0.035339232443673096,-0.09350826406480597,-0.6781499385362479,0.013792839376809925,-9.909580598654221
1480000000,0.034560136089301065,-0.09286164181890263,-0.05868405936100377,-0.657426488513642,0.03973299205697458,-9.975140759108289,0.08605275700975235,-0.0513845568237517,-0.07531359883700635,-0.6799624096701296,0.018377761977499026,-9.889821468875517
1490000000,0.0876792817881063,-0.056806997267878696,-0.12880040224627842,-0.601883169171108,0.0007685479217781725,-9.778240725899364,0.07132808066930174,-0.04778828438267212,-0.10075321802450189,-0.6978027089255119,0.008237360299142418,-9.866224258490414
1500000000,0.07026697923246765,-0.046412271307225555,-0.08528295358149031,-0.6382098653120967,0.08064591735439294,-9.849827925483275,0.032835304530768966,-0.05578152921735481,-0.0961274509265996,-0.6567072868183682,0.0179117000365906,-9.875609891114749
1510000000,0.011924802409418553,-0.12388808478494082,-0.07658352745794758,-0.7470257212703825,0.045337921628808696,-9.871519302885623,0.02908844746461779,-0.07424150083981623,-0.08930351782779253,-0.6759797553501375,0.030928269816160935,-9.874791393624385
1520000000,-0.001936166714937194,-0.1721960210818747,-0.08398884882569645,-0.7549528475930042,0.12178378977875459,-9.981485501132138,0.03233216799054083,-0.11369956910165593,-0.07567588452115051,-0.7255218506123791,0.07595519882513485,-9.863359195547494
1530000000,0.050825058926424166,-0.18575839297758337,-0.1179362639874363,-0.6964857825519912,0.017683387756016803,-10.00912635139912,0.046746861320535946,-0.18219634638157306,-0.09160669916293505,-0.7115464180600279,0.052401808067551243,-9.939777881425519
1540000000,-0.03352193235536905,-0.31113290539357924,-0.04745675401054019,-0.7655547368445744,-0.0481978766081213,-9.785358374295095,0.031221120830613708,-0.27048506560794205,-0.10926984837041588,-0.7425753867456155,0.03601697362038824,-9.880785519665858
1550000000,-0.08050048903857726,-0.23158158217713187,-0.07540408146880778,-0.7209540798943275,-0.03607031908757866,-9.866272003499466,-0.05093455443815631,-0.26411256686148743,-0.09099704229566821,-0.6856466094769795,0.01161537123455784,-9.85095150034818
1560000000,-0.08089787396002757,-0.09135690075304659,0.009849705840900308,-0.7406703760424438,-0.034244315232577524,-9.827093066212585,-0.06593996663943137,-0.21264722144235781,-0.06111778827428256,-0.7006181431416106,-0.0048664100763624926,-9.848188907870298
1570000000,-0.05429165064648697,-0.275770578711319,-0.0294942219115521,-0.8018099756509507,0.018241615304870465,-9.860316271832026,-0.058717521160476904,-0.20718414361703757,-0.014237979466115287,-0.7315066744765009,0.030124711644918083,-9.89658402162776
1580000000,-0.07513035900010642,-0.33266397736551084,-0.1279993527802837,-0.7438122144060482,0.111496962972001,-9.86171503302778,-0.06114462706803654,-0.291220267168488,-0.055722264014851405,-0.7767628738409933,0.06517826773142185,-9.9070218071189
1590000000,-0.09894201604315613,-0.2688340516646671,-0.05062126081255714,-0.7012229336847715,-0.06421835972082532,-9.817685067880051,-0.06466644016943134,-0.2856623058353187,-0.08118142450613765,-0.7735762866344502,0.023199743870102353,-9.865928999691105
1600000000,-0.16105440122495795,-0.2152307291678569,-0.01295218746103308,-0.7876365768683968,-0.13440369058856516,-9.829157959019776,-0.0946165053052404,-0.25751075827431374,-0.018940906890267884,-0.7057055039859071,-0.03622537188295931,-9.846986137863254
1610000000,-0.07775510859917792,-0.2132939717049952,0.05575221568605823,-0.6904226538432666,-0.008752208740034208,-9.734402324470377,-0.09720945173500345,-0.24136879241196646,0.00638035232071513,-0.7055873815411254,-0.038900365424228596,-9.814323523254393
1620000000,0.04033878398983573,-0.20933340467951506,-0.03144011328126788,-0.635901492361024,-0.08344608892296507,-9.798045840534606,-0.051632922670757114,-0.21818572262821279,-0.0149869366384707,-0.6704389945745339,-0.04831933417233411,-9.775363988707399
1630000000,-0.12084073569503467,-0.30505638095921994,0.0097369361682813,-0.6730919179008656,0.07556576506898666,-9.766704999566828,-0.08411997458814177,-0.24467561388618086,0.0012945029911732107,-0.6493388478708473,0.0026495696075139324,-9.80133859922627
1640000000,-0.09677891304114943,-0.2795044327236855,0.027736478070538487,-0.7537346401944731,-0.08045244818411948,-9.944579656043986,-0.09925367909447044,-0.2625915327742787,0.021593711851529144,-0.7209008454080597,0.005213767689711839,-9.847011531478286
1650000000,-0.08724271385755622,-0.2378669445768803,0.02155156971819471,-0.7564256883533944,-0.0880127048885892,-9.701883277651259,-0.09818156429495331,-0.2552465453273186,0.0083949802403225,-0.7214431952130176,-0.03371714455504853,-9.819166844802641
1660000000,-0.12701857908502937,-0.21617529885177514,-0.013949983819812767,-0.6837677815405924,-0.027824915522225133,-9.806993795791799,-0.11594441669426851,-0.25689453456526984,0.016507210542540833,-0.7218699214016309,-0.018666985632940118,-9.801387529013041
1670000000,-0.14466387550334905,-0.12233281826801508,-0.012300419073995556,-0.7205997141887531,-0.050666382416389696,-9.743792561182243,-0.11442470449467475,-0.19670735050970917,-0.005520646123330872,-0.7020999246232853,-0.004121794481798422,-9.787981654850828
1680000000,-0.14288214136740904,-0.24931394722295075,0.012281906663724133,-0.7518900345743846,0.05080067043964522,-9.760228263534549,-0.1358027618182733,-0.19751205489531837,0.001366182770357065,-0.7520354907340897,-0.006087774155397071,-9.809434680638242
1690000000,-0.08340046543320875,-0.27362134298844587,-0.05406956444852713,-0.8265838004381244,-0.03244016893356233,-9.757551276270942,-0.13278115377411062,-0.22791913630244434,-0.01493021472823787,-0.8099126130883862,-0.03442418541195473,-9.801546486108943
1700000000,-0.17962658847297322,-0.176473170753451,-0.047040004720495736,-0.8481765081745033,-0.08104153253803115,-9.875247040353822,-0.14128671921250657,-0.22363077034835876,-0.027786918411297656,-0.7880935741715814,-0.06337250151758336,-9.792120245035209
1710000000,-0.06435526511564688,-0.15243476713324952,-0.04759369351314547,-0.79624845545891,0.12539265804913954,-9.897881368242286,-0.14276954012658605,-0.20679026243687837,-0.027622003685036117,-0.7797444619749146,-0.00433900589087792,-9.822712577809988
1720000000,-0.08447119837453565,-0.07117448016884037,0.040436011747716626,-0.8020488601734475,0.02154529187711664,-9.755583995214174,-0.09717568473044895,-0.13838750686250978,-0.005731369583420291,-0.803254682141841,-0.0005581749474049269,-9.795287421222405
1730000000,-0.057310196035204625,-0.06246232537995611,0.005539658033950533,-0.7540192146798456,-0.06372316254870374,-9.728855326184165,-0.08593177186687778,-0.09269074353423387,0.020534206014797194,-0.7995586062888311,-0.0010352742064231608,-9.75650878141956
1740000000,-0.17217509979105672,-0.04272203219393614,0.06209064100216488,-0.7157790645210271,0.05109979646561197,-9.79288650949689,-0.111229888965096,-0.07274442505283654,0.037166891559563965,-0.7610794325519841,-0.0043697434371347856,-9.775568070005018
1750000000,-0.08105222493731634,-0.004813033027830774,0.11242775396599186,-0.6315794722369135,-0.19232781469350538,-9.840132368386188,-0.12032315546633271,-0.029695662031838668,0.07655941656304768,-0.7298506818033188,-0.007484871097403461,-9.792264533407419
1760000000,-0.21352528209654661,0.03505053216114991,0.08723805439569093,-0.8031478494869934,-0.013161381450284403,-9.789059301083743,-0.15604554237560014,-0.0078409693061011,0.07942195560096127,-0.7777051446115684,-0.021866684892694013,-9.761968959840807
1770000000,-0.13674981972468087,0.0005840501962938432,0.049135787589545024,-0.862981641294725,-0.017154054877516603,-9.741956736898992,-0.1575814084564473,0.01922853162711468,0.07190977344694217,-0.8096132787358505,-0.014972132530294783,-9.74316047782229
1780000000,-0.04524535885070517,0.020702289340346167,0.08748056817766704,-0.7156873696032844,-0.06373333517254774,-9.87767115356641,-0.09386122519329781,0.021407795127125172,0.06515873461952684,-0.7390586554477845,-0.03390281452205549,-9.768061853150416
1790000000,-0.08866130759757755,-0.05278714097942358,0.015351885316021531,-0.7867039366110498,0.11418997245098443,-9.819794641048185,-0.061908820440613174,-0.02061726149896592,0.06466005553125453,-0.7510273926984535,0.03834425321317109,-9.772108025414568
1800000000,-0.18013008490907623,0.06552125418467948,-0.00554909330007388,-0.7370298788623939,-0.028021715677080554,-9.684397448388935,-0.06070764760039453,0.013856425782006826,0.025215396147440623,-0.7370381052330373,0.060906387072602826,-9.801017436629493
1810000000,-0.06582292416338517,0.20247622443153682,-0.012033498783081388,-0.7593227535151743,0.014992608901780086,-9.898254818317394,-0.07887267213141862,0.09227762332759946,-0.007272103978431095,-0.7315535898599255,0.02860063769889591,-9.85350484670142
1820000000,-0.08391525076311115,0.15496309276406164,0.12635925329668476,-0.6210203889462395,-0.002883071550381436,-9.825298631005792,-0.10431695997490209,0.0991006623519067,0.044140116324268,-0.7327388850981573,-0.028679496463746634,-9.824397643634182
1830000000,-0.007381508153645959,0.13451934023131593,0.03791751832464709,-0.7344805358937381,-0.06959026439708153,-9.753628986010389,-0.05532825031626106,0.11540341825026662,0.0671836794717958,-0.7372277981705359,-0.05395352951328876,-9.838028360419692
1840000000,0.13372922153095534,0.10607578854222763,0.062444307858250864,-0.7954776139473163,0.09820468250420007,-9.783131159672017,0.05689463118407208,0.10011268921372207,0.028053398848633372,-0.7803638301013639,0.0255155822254706,-9.823249736373214
1850000000,-0.03309997879682182,0.052415026753369384,0.0045420930978706635,-0.7268497517919944,-0.011166356350878155,-9.762323303059189,0.032462002458994686,0.08314002757298859,0.03663258813965344,-0.7649377463124551,0.006134114598924967,-9.819056961856369
1860000000,0.06037381742549886,0.13938132500013756,-0.032431747914906606,-0.7266554951894773,-0.13786557827179877,-9.875656549257904,0.010217047687095481,0.07316863855386971,0.023587982534602293,-0.7324288564312238,0.01975034360552306,-9.811776177262898
1870000000,0.017282353787552614,0.13371827670283404,-0.03862934893832795,-0.8068857942312675,-0.02605398917010575,-9.696350402209806,-0.0050033652318303415,0.09006037970376063,-0.01781832900038315,-0.7292656815385059,-0.005727030988657962,-9.756657529525217
1880000000,0.08498888449599212,0.1331007566116607,0.09812775648203204,-0.8217782274931414,-0.08811285787808394,-9.695736699254454,0.03315190839968978,0.10898475275141147,0.02602987736876757,-0.7864713629249136,-0.038519996222851585,-9.711995240165871
1890000000,-0.016189820088644717,0.1709914652015126,-0.02965530792557956,-0.7606485398244595,0.006198060794648321,-9.624257363021295,0.016904072861891595,0.13987519630276365,0.016888941204414764,-0.7691516626022629,0.008831262510132287,-9.729377478823896
1900000000,-0.030886779167345925,-0.011530685114921807,0.001120390110126903,-0.8670585535182922,-0.02486578690519213,-9.822442961160625,0.004385877661934951,0.09646393841916193,0.011739407475446773,-0.7851254840554385,-0.016907067663830613,-9.748774037799464
1910000000,-0.04957214830288091,0.08767896833635137,0.043597133816676015,-0.808350963445406,0.06737246952222936,-9.754925325630118,0.013138211933172139,0.08594655592000353,0.044657167815159125,-0.7936914029470734,-0.012170224819954494,-9.74445448062288
1920000000,0.03975803098583334,0.23519352420995507,0.06725645379287498,-0.831315816256155,0.0646016852800636,-9.906386753664941,0.011593292348185895,0.166892145810902,0.0596778795397773,-0.7802775743256336,0.024005193777680425,-9.782793307169392
1930000000,0.07628599653822027,0.1403518266667218,-0.019324222916375453,-0.6775285307050547,0.1544295989707997,-9.741844092021568,0.05263514518540995,0.2081591077331801,0.0249515517520062,-0.7465465950019116,0.05255618346520975,-9.792350301986396
1940000000,0.16841372054936465,0.20662025873206946,0.05830728545450192,-0.725486463906533,-0.020013468979572777,-9.853613944194048,0.12300475684696281,0.22180339214961015,-0.0014717736218943043,-0.7102627290782735,-0.00042667890850222635,-9.798508917708082
1950000000,0.15449463276404293,0.1791297349378792,0.024509247221678673,-0.6977289876216001,0.04980952788294278,-9.788391258424232,0.13752524759993012,0.1967694551414064,-0.006050634549618194,-0.7290570702996508,-0.011754982286071514,-9.787566685957225
1960000000,0.12271053807245347,0.18538003326412256,0.08826890138110075,-0.6895078717156694,-0.06229550356392792,-9.818048349378035,0.09278512481036032,0.2020151770277947,0.04319557856716568,-0.743195955890577,-0.03888567643046775,-9.820972711954148
1970000000,0.14105538249780264,0.2897355624750011,-0.01956518570835741,-0.8563124985778778,0.07240491816923827,-9.840725166594934,0.09685302998555703,0.2202751129887222,0.009880536262044538,-0.7634636527566317,-0.03641294805809438,-9.810021730066552
1980000000,0.06554240832185987,0.25961940607612866,0.031404016976196235,-0.7092340479452546,0.0008771554342639834,-9.601752715890223,0.08997669501705087,0.24234497392179727,-0.012144259080500654,-0.7950324469160779,0.010175474742625017,-9.779886396173778
1990000000,0.13116960191583302,0.25118331966637497,0.08726043562500253,-0.7608620297895805,0.03367376279751265,-9.827213130636435,0.11239991899626992,0.21790422774135007,0.010781032569185459,-0.7651595637581058,0.001190875195709889,-9.74320636935889
2000000000,0.08260154712210165,0.21661680012420856,-0.01942775045575145,-0.8714958303193009,-0.10496066516124596,-9.725982648070097,0.1326617932877773,0.21572705272103776,0.03933804984000165,-0.7968825056918182,-0.04731770528410083,-9.74302907151238
